慧學,21,6.247223205147615e-05
二邊,4,1.1899472771709741e-05
空三昧,2,5.949736385854871e-06
無貪,5,1.4874340964637175e-05
二道,46,0.00013684393687466201
鹿,45,0.0001338690686817346
犍,24,7.139683663025844e-05
無足,5,1.4874340964637175e-05
多生,2,5.949736385854871e-06
祇夜,1,2.9748681929274353e-06
身業,4,1.1899472771709741e-05
活,81,0.00024096432362712226
多瞋,6,1.784920915756461e-05
供具,8,2.3798945543419483e-05
身根,2,5.949736385854871e-06
阿摩,12,3.569841831512922e-05
惡趣,5,1.4874340964637175e-05
起行,3,8.924604578782306e-06
天上,11,3.2723550122201785e-05
天人,18,5.3547627472693834e-05
熱惱,3,8.924604578782306e-06
思惟,93,0.00027666274194225145
惡說,53,0.00015766801422515406
機,5,1.4874340964637175e-05
五穀,1,2.9748681929274353e-06
惡語,42,0.0001249444641029523
尊記,2,5.949736385854871e-06
無記,18,5.3547627472693834e-05
十法,20,5.94973638585487e-05
拘牟頭,4,1.1899472771709741e-05
八聖,4,1.1899472771709741e-05
因,1053,0.0031325362071525894
阿耨達,5,1.4874340964637175e-05
無諍,2,5.949736385854871e-06
誓言,1,2.9748681929274353e-06
伽耶,12,3.569841831512922e-05
道者,37,0.0001100701231383151
坏器,1,2.9748681929274353e-06
摩訶迦旃延,1,2.9748681929274353e-06
鉢耽嵐婆,1,2.9748681929274353e-06
惡見,168,0.0004997778564118092
六處,3,8.924604578782306e-06
無著,5,1.4874340964637175e-05
有一人,11,3.2723550122201785e-05
小行,3,8.924604578782306e-06
身戒,1,2.9748681929274353e-06
道行,110,0.0003272355012220179
真實,48,0.0001427936732605169
五眾,3,8.924604578782306e-06
行道,12,3.569841831512922e-05
愛道,13,3.867328650805666e-05
慧光,1,2.9748681929274353e-06
十惡,6,1.784920915756461e-05
漸教,2,5.949736385854871e-06
跋陀迦毘羅,8,2.3798945543419483e-05
無餘涅槃,3,8.924604578782306e-06
頭面作禮,20,5.94973638585487e-05
鬼子母神,1,2.9748681929274353e-06
多羅,95,0.00028261247832810636
我所見,1,2.9748681929274353e-06
懈怠,4,1.1899472771709741e-05
世界,5,1.4874340964637175e-05
夜叉,20,5.94973638585487e-05
五生,1,2.9748681929274353e-06
起者,25,7.437170482318588e-05
空無,6,1.784920915756461e-05
道諦,1,2.9748681929274353e-06
悲心,1,2.9748681929274353e-06
不與取,11,3.2723550122201785e-05
羯磨僧,1,2.9748681929274353e-06
大乘,5,1.4874340964637175e-05
象鼻,16,4.7597891086838965e-05
通力,2,5.949736385854871e-06
僧殘,163,0.00048490351544717194
僧次,3,8.924604578782306e-06
通利,5,1.4874340964637175e-05
鳩夷羅衣,1,2.9748681929274353e-06
式叉迦羅尼,37,0.0001100701231383151
什物,2,5.949736385854871e-06
優曇,1,2.9748681929274353e-06
結跏,4,1.1899472771709741e-05
至教,1,2.9748681929274353e-06
明相,96,0.0002855873465210338
無上法,4,1.1899472771709741e-05
別請,7,2.0824077350492045e-05
吒,101,0.00030046168748567095
檀那,1,2.9748681929274353e-06
壽命,3,8.924604578782306e-06
十方,2,5.949736385854871e-06
聲聞,25,7.437170482318588e-05
急施衣,33,9.817065036660537e-05
阿梨,45,0.0001338690686817346
娑羅,3,8.924604578782306e-06
誑,14,4.164815470098409e-05
尊者,128,0.0003807831286947117
增戒學,17,5.0572759279766396e-05
懺悔,413,0.0012286205636790307
誦律,26,7.734657301611332e-05
伽藍,258,0.0007675159937752783
八難,7,2.0824077350492045e-05
娑羅林,1,2.9748681929274353e-06
大利,3,8.924604578782306e-06
單,7,2.0824077350492045e-05
天子,13,3.867328650805666e-05
施物,12,3.569841831512922e-05
一切智,3,8.924604578782306e-06
檀越,259,0.0007704908619682057
世法,3,8.924604578782306e-06
二花,1,2.9748681929274353e-06
瞋恚心,1,2.9748681929274353e-06
二苦,1,2.9748681929274353e-06
大僧,18,5.3547627472693834e-05
死苦,3,8.924604578782306e-06
體大,1,2.9748681929274353e-06
五法,320,0.0009519578217367792
伊尼延,1,2.9748681929274353e-06
斷頭罪,1,2.9748681929274353e-06
愛護,5,1.4874340964637175e-05
甘露鼓,1,2.9748681929274353e-06
愛語,1,2.9748681929274353e-06
譬喻經,2,5.949736385854871e-06
天女,11,3.2723550122201785e-05
心解脫,15,4.462302289391153e-05
天如,3,8.924604578782306e-06
天帝,12,3.569841831512922e-05
行足,10,2.974868192927435e-05
明法,3,8.924604578782306e-06
僧物,25,7.437170482318588e-05
誓願,2,5.949736385854871e-06
若提子,1,2.9748681929274353e-06
八波羅夷,8,2.3798945543419483e-05
火光三昧,4,1.1899472771709741e-05
差羅波尼,2,5.949736385854871e-06
無餘,25,7.437170482318588e-05
品,3,8.924604578782306e-06
惡鬼,4,1.1899472771709741e-05
跋闍,14,4.164815470098409e-05
五欲,19,5.652249566562127e-05
覺,224,0.0006663704752157454
具戒,2,5.949736385854871e-06
已還,49,0.0001457685414534443
三上座,5,1.4874340964637175e-05
五條,3,8.924604578782306e-06
空法,1,2.9748681929274353e-06
布薩日,11,3.2723550122201785e-05
我人,2,5.949736385854871e-06
八正道,6,1.784920915756461e-05
五根,2,5.949736385854871e-06
樓,51,0.0001517182778392992
自恣日,49,0.0001457685414534443
八道,1,2.9748681929274353e-06
迦,789,0.0023471710042197464
影,4,1.1899472771709741e-05
怨憎會苦,1,2.9748681929274353e-06
意,531,0.0015796550104444681
幻師,1,2.9748681929274353e-06
白和,12,3.569841831512922e-05
摩訶波闍波提,28,8.329630940196818e-05
毘尼藏,1,2.9748681929274353e-06
伽那,15,4.462302289391153e-05
僧伽梨,84,0.0002498889282059046
塵,125,0.0003718585241159294
二百五十戒,12,3.569841831512922e-05
拘薩羅,55,0.00016361775061100894
甘露門,2,5.949736385854871e-06
婆羅門書,1,2.9748681929274353e-06
阿羅,143,0.00042540615158862324
淨定,1,2.9748681929274353e-06
二衣,5,1.4874340964637175e-05
彈指,16,4.7597891086838965e-05
六難,3,8.924604578782306e-06
二行,13,3.867328650805666e-05
五時,1,2.9748681929274353e-06
八龍,2,5.949736385854871e-06
二見,45,0.0001338690686817346
惡露,1,2.9748681929274353e-06
小食,71,0.0002112156416978479
無間,2,5.949736385854871e-06
八齋,1,2.9748681929274353e-06
行者,58,0.00017254235518979124
二語,3,8.924604578782306e-06
集智,1,2.9748681929274353e-06
無際,2,5.949736385854871e-06
長夜,13,3.867328650805666e-05
假,6,1.784920915756461e-05
阿夷頭,6,1.784920915756461e-05
往還衣,2,5.949736385854871e-06
渴仰,1,2.9748681929274353e-06
大姊,133,0.0003956574696593489
空慧,9,2.6773813736346917e-05
不可得,2,5.949736385854871e-06
大天,1,2.9748681929274353e-06
分陀利華,10,2.974868192927435e-05
集會,17,5.0572759279766396e-05
戒行,8,2.3798945543419483e-05
調伏法,2,5.949736385854871e-06
至真,33,9.817065036660537e-05
香,124,0.000368883655923002
羅剎女,2,5.949736385854871e-06
安樂,140,0.0004164815470098409
大師,7,2.0824077350492045e-05
拔濟,6,1.784920915756461e-05
大德,866,0.0025762358550751588
戒身,2,5.949736385854871e-06
阿修羅,30,8.924604578782306e-05
根,429,0.0012762184547658697
身相,62,0.000184441827961501
五持,2,5.949736385854871e-06
轉輪高座,1,2.9748681929274353e-06
真佛,1,2.9748681929274353e-06
娑羅樹,1,2.9748681929274353e-06
無量,25,7.437170482318588e-05
二身,1,2.9748681929274353e-06
惡道,31,9.22209139807505e-05
五惡,1,2.9748681929274353e-06
身病,2,5.949736385854871e-06
中含,1,2.9748681929274353e-06
楊枝,34,0.00010114551855953279
指印,31,9.22209139807505e-05
尼犍度,1,2.9748681929274353e-06
羅剎娑,1,2.9748681929274353e-06
因緣生,4,1.1899472771709741e-05
十生,6,1.784920915756461e-05
十界,1,2.9748681929274353e-06
善女人,10,2.974868192927435e-05
說罪,12,3.569841831512922e-05
天樂,1,2.9748681929274353e-06
瞿婆,1,2.9748681929274353e-06
衰,1,2.9748681929274353e-06
優波提舍,20,5.94973638585487e-05
大戒,297,0.0008835358532994482
破正命,5,1.4874340964637175e-05
大婆羅門,3,8.924604578782306e-06
平等,5,1.4874340964637175e-05
精進力,3,8.924604578782306e-06
阿浮呵那,2,5.949736385854871e-06
空寂,1,2.9748681929274353e-06
善苗,1,2.9748681929274353e-06
提婆達,184,0.0005473757474986481
空定,1,2.9748681929274353e-06
生色,1,2.9748681929274353e-06
神光,2,5.949736385854871e-06
剃髮,76,0.00022608998266248508
神力,98,0.0002915370829068886
觀作,2,5.949736385854871e-06
遶佛,11,3.2723550122201785e-05
世尊,3185,0.009474955194473882
說經,1,2.9748681929274353e-06
剃頭,1,2.9748681929274353e-06
外空,1,2.9748681929274353e-06
羅漢比丘,4,1.1899472771709741e-05
五比丘,22,6.544710024440357e-05
白月,10,2.974868192927435e-05
無言,3,8.924604578782306e-06
大智,18,5.3547627472693834e-05
體,75,0.00022311511446955763
一搩手,17,5.0572759279766396e-05
四種供養,1,2.9748681929274353e-06
惡行,131,0.000389707733273494
五寶,1,2.9748681929274353e-06
不還,79,0.00023501458724126738
遠塵離垢,10,2.974868192927435e-05
至人,3,8.924604578782306e-06
大會,2,5.949736385854871e-06
不退,3,8.924604578782306e-06
藥山,2,5.949736385854871e-06
波闍波提,28,8.329630940196818e-05
現身,12,3.569841831512922e-05
女色,1,2.9748681929274353e-06
仰,24,7.139683663025844e-05
依止,227,0.0006752950797945278
明心,1,2.9748681929274353e-06
五大,4,1.1899472771709741e-05
瘡,88,0.0002617884009776143
最勝,17,5.0572759279766396e-05
女賊,21,6.247223205147615e-05
大樹,7,2.0824077350492045e-05
蘇摩鉢,5,1.4874340964637175e-05
波羅那,4,1.1899472771709741e-05
富羅跋陀羅,1,2.9748681929274353e-06
實有,11,3.2723550122201785e-05
六句義,2,5.949736385854871e-06
安忍,1,2.9748681929274353e-06
長者子,12,3.569841831512922e-05
白檀,1,2.9748681929274353e-06
觀,245,0.0007288427072672216
僧伽,661,0.001966387875525035
灌頂,2,5.949736385854871e-06
安居,348,0.0010352541311387474
翅夷羅,3,8.924604578782306e-06
奢耶尼,1,2.9748681929274353e-06
娑婆,10,2.974868192927435e-05
慧燈,14,4.164815470098409e-05
五善,1,2.9748681929274353e-06
世善,1,2.9748681929274353e-06
仙,42,0.0001249444641029523
實教,2,5.949736385854871e-06
量,147,0.000437305624360333
盲冥,2,5.949736385854871e-06
根力,1,2.9748681929274353e-06
五力,2,5.949736385854871e-06
比丘尼戒,1,2.9748681929274353e-06
石蜜,72,0.00021419050989077533
變相,1,2.9748681929274353e-06
遮那,2,5.949736385854871e-06
尋,50,0.00014874340964637176
取相,1,2.9748681929274353e-06
資生,3,8.924604578782306e-06
眼,201,0.0005979485067784144
著樂,1,2.9748681929274353e-06
提頭賴吒,2,5.949736385854871e-06
誦經,40,0.0001189947277170974
法供養,2,5.949736385854871e-06
善趣,2,5.949736385854871e-06
禪思,3,8.924604578782306e-06
慧生,12,3.569841831512922e-05
邪道,4,1.1899472771709741e-05
鼠,12,3.569841831512922e-05
百劫,2,5.949736385854871e-06
兔,2,5.949736385854871e-06
夏,175,0.0005206019337623012
大海,14,4.164815470098409e-05
白法,6,1.784920915756461e-05
紫金,1,2.9748681929274353e-06
聖眾,2,5.949736385854871e-06
世人,25,7.437170482318588e-05
世俗,13,3.867328650805666e-05
祇樹,266,0.0007913149393186978
大王,19,5.652249566562127e-05
五戒法,4,1.1899472771709741e-05
白牛,1,2.9748681929274353e-06
知浮法,1,2.9748681929274353e-06
僧坊,1,2.9748681929274353e-06
長物,1,2.9748681929274353e-06
深妙,2,5.949736385854871e-06
劫,73,0.00021716537808370276
念言,230,0.0006842196843733101
四部眾,2,5.949736385854871e-06
十如,9,2.6773813736346917e-05
施僧,8,2.3798945543419483e-05
木頭,5,1.4874340964637175e-05
天神,3,8.924604578782306e-06
十戒,18,5.3547627472693834e-05
善逝,15,4.462302289391153e-05
賓頭,14,4.164815470098409e-05
十夜,33,9.817065036660537e-05
說法,342,0.0010174049219811828
可觀,1,2.9748681929274353e-06
阿含,15,4.462302289391153e-05
我法,39,0.00011601985952416998
說欲,9,2.6773813736346917e-05
身心,5,1.4874340964637175e-05
思法,1,2.9748681929274353e-06
渴愛,4,1.1899472771709741e-05
至心,5,1.4874340964637175e-05
僧可,2,5.949736385854871e-06
大眾,95,0.00028261247832810636
遶塔,2,5.949736385854871e-06
貪,83,0.0002469140600129771
闍王,1,2.9748681929274353e-06
明了,4,1.1899472771709741e-05
三十生,1,2.9748681929274353e-06
近住,5,1.4874340964637175e-05
七多羅樹,1,2.9748681929274353e-06
觀察,31,9.22209139807505e-05
長生,23,6.842196843733101e-05
勿力伽難提,7,2.0824077350492045e-05
尼連禪,9,2.6773813736346917e-05
阿僧,1,2.9748681929274353e-06
壞色,34,0.00010114551855953279
婬欲,82,0.00024393919182004968
稽首,4,1.1899472771709741e-05
大界,9,2.6773813736346917e-05
福因,1,2.9748681929274353e-06
身受,11,3.2723550122201785e-05
塵垢,52,0.00015469314603222664
即空,1,2.9748681929274353e-06
指環,1,2.9748681929274353e-06
他心智,3,8.924604578782306e-06
見,2273,0.006761875402524061
指,167,0.0004968029882188817
惑,12,3.569841831512922e-05
犍黃門,1,2.9748681929274353e-06
義相,2,5.949736385854871e-06
我慢,4,1.1899472771709741e-05
天王,24,7.139683663025844e-05
端嚴,28,8.329630940196818e-05
我愚,2,5.949736385854871e-06
身光,2,5.949736385854871e-06
說教,2,5.949736385854871e-06
身入,1,2.9748681929274353e-06
五百由旬,1,2.9748681929274353e-06
無上士,10,2.974868192927435e-05
圍遶,14,4.164815470098409e-05
看病,30,8.924604578782306e-05
我所,77,0.0002290648508554125
不輕,2,5.949736385854871e-06
深入,2,5.949736385854871e-06
輪燈,1,2.9748681929274353e-06
波利迦羅,28,8.329630940196818e-05
慧力,1,2.9748681929274353e-06
阿蘭若,112,0.0003331852376078727
十六,28,8.329630940196818e-05
夜摩,93,0.00027666274194225145
不覺,21,6.247223205147615e-05
不見,275,0.0008180887530550447
深坑,1,2.9748681929274353e-06
天眼,18,5.3547627472693834e-05
天眾,2,5.949736385854871e-06
法眼淨,52,0.00015469314603222664
僧家,1,2.9748681929274353e-06
耆闍,53,0.00015766801422515406
說戒,1169,0.0034776209175321716
四種諍,2,5.949736385854871e-06
晨朝,51,0.0001517182778392992
祇支,13,3.867328650805666e-05
身安樂,3,8.924604578782306e-06
十名,1,2.9748681929274353e-06
蓮華,50,0.00014874340964637176
念處,6,1.784920915756461e-05
十善,14,4.164815470098409e-05
不請,7,2.0824077350492045e-05
身命,7,2.0824077350492045e-05
講堂,31,9.22209139807505e-05
出世間,4,1.1899472771709741e-05
我有,63,0.0001874166961544284
上首,2,5.949736385854871e-06
中乘,2,5.949736385854871e-06
三歸依,1,2.9748681929274353e-06
象王,18,5.3547627472693834e-05
波尼,2,5.949736385854871e-06
阿難陀,2,5.949736385854871e-06
摩夷,25,7.437170482318588e-05
教,1206,0.003587691040670487
向上,27,8.032144120904076e-05
羅剎,6,1.784920915756461e-05
跋難陀,248,0.000737767311846004
妙法,15,4.462302289391153e-05
睒彌,83,0.0002469140600129771
梵身,1,2.9748681929274353e-06
敷具,8,2.3798945543419483e-05
明王,1,2.9748681929274353e-06
無覺有觀三昧,1,2.9748681929274353e-06
下眾,1,2.9748681929274353e-06
種智,12,3.569841831512922e-05
惡言,20,5.94973638585487e-05
婆城,22,6.544710024440357e-05
見聞,70,0.00020824077350492046
見者,37,0.0001100701231383151
六群比丘尼,266,0.0007913149393186978
歸依僧,8,2.3798945543419483e-05
依,403,0.0011988718817497563
持淨,3,8.924604578782306e-06
梵行,292,0.000868661512334811
菩提,8,2.3798945543419483e-05
香衣,1,2.9748681929274353e-06
華,155,0.00046110456990375244
見處,27,8.032144120904076e-05
摩尼,12,3.569841831512922e-05
先尼,1,2.9748681929274353e-06
瓶,188,0.0005592752202703579
方相,17,5.0572759279766396e-05
冥,5,1.4874340964637175e-05
睡,35,0.00010412038675246023
幻,3,8.924604578782306e-06
辯才,2,5.949736385854871e-06
迦維羅衛,20,5.94973638585487e-05
地人,2,5.949736385854871e-06
毘舍離,95,0.00028261247832810636
濟度,1,2.9748681929274353e-06
地上,5,1.4874340964637175e-05
地中,3,8.924604578782306e-06
污家,13,3.867328650805666e-05
疑,856,0.0025464871731458844
往相,1,2.9748681929274353e-06
滅後,7,2.0824077350492045e-05
勇猛精進,1,2.9748681929274353e-06
知法,6,1.784920915756461e-05
婆羅,391,0.0011631734634346272
羅婆,37,0.0001100701231383151
緣,1019,0.0030313906885930564
在在處處,1,2.9748681929274353e-06
如法治,164,0.00048787838364009936
知淨,10,2.974868192927435e-05
大火聚,8,2.3798945543419483e-05
滅度,6,1.784920915756461e-05
施無厭,2,5.949736385854871e-06
忍,875,0.0026030096688115056
繫著,8,2.3798945543419483e-05
正業,3,8.924604578782306e-06
捨戒,70,0.00020824077350492046
白佛,1054,0.003135511075345517
愛別離苦,1,2.9748681929274353e-06
僧祇支,12,3.569841831512922e-05
狐,4,1.1899472771709741e-05
力者,54,0.00016064288241808151
方等,2,5.949736385854871e-06
迦毘羅,29,8.627117759489562e-05
提河,8,2.3798945543419483e-05
持戒,72,0.00021419050989077533
白四羯磨,124,0.000368883655923002
見迹,1,2.9748681929274353e-06
堪忍,13,3.867328650805666e-05
提樹,5,1.4874340964637175e-05
毛孔,1,2.9748681929274353e-06
隨宜,1,2.9748681929274353e-06
火淨,3,8.924604578782306e-06
論議,12,3.569841831512922e-05
電,1,2.9748681929274353e-06
意樂,3,8.924604578782306e-06
婆私,82,0.00024393919182004968
象頭山,6,1.784920915756461e-05
羅差,1,2.9748681929274353e-06
香色,1,2.9748681929274353e-06
提桓,21,6.247223205147615e-05
自覺,3,8.924604578782306e-06
香華,3,8.924604578782306e-06
眾生心,2,5.949736385854871e-06
樓至,1,2.9748681929274353e-06
遠離,6,1.784920915756461e-05
語善,6,1.784920915756461e-05
如是我聞,1,2.9748681929274353e-06
教勅,15,4.462302289391153e-05
隨自,2,5.949736385854871e-06
火珠,3,8.924604578782306e-06
菩薩道,2,5.949736385854871e-06
觀智,1,2.9748681929274353e-06
瓦師,1,2.9748681929274353e-06
蘇摩,28,8.329630940196818e-05
火爐,4,1.1899472771709741e-05
佉闍尼,19,5.652249566562127e-05
地塵,1,2.9748681929274353e-06
使,673,0.0020020862938401637
上衣,7,2.0824077350492045e-05
觀想,3,8.924604578782306e-06
消滅,3,8.924604578782306e-06
中尊,2,5.949736385854871e-06
禪者,3,8.924604578782306e-06
兜率,2,5.949736385854871e-06
十,1438,0.004277860461429652
學人,9,2.6773813736346917e-05
唄,12,3.569841831512922e-05
優填王,1,2.9748681929274353e-06
見道,7,2.0824077350492045e-05
若那,3,8.924604578782306e-06
跋闍子比丘,11,3.2723550122201785e-05
娑婆草,1,2.9748681929274353e-06
缺漏,2,5.949736385854871e-06
三種色,2,5.949736385854871e-06
婆提,39,0.00011601985952416998
樂欲,5,1.4874340964637175e-05
瞿師羅園,13,3.867328650805666e-05
心念口言,3,8.924604578782306e-06
尼薩耆,238,0.0007080186299167296
婆蹉,30,8.924604578782306e-05
摩佉,1,2.9748681929274353e-06
上轉,2,5.949736385854871e-06
懺,652,0.0019396140617886878
億,25,7.437170482318588e-05
問訊,127,0.00037780826050178425
廣說,45,0.0001338690686817346
曼陀羅,6,1.784920915756461e-05
事論,1,2.9748681929274353e-06
伺,40,0.0001189947277170974
上肩,2,5.949736385854871e-06
波斯,56,0.00016659261880393636
所作,82,0.00024393919182004968
吉祥,1,2.9748681929274353e-06
波旬,7,2.0824077350492045e-05
八種施,1,2.9748681929274353e-06
受食,84,0.0002498889282059046
竹葦,5,1.4874340964637175e-05
火神,2,5.949736385854871e-06
如來衣,3,8.924604578782306e-06
地動,1,2.9748681929274353e-06
衢,2,5.949736385854871e-06
我,4637,0.013794463810604517
婆沙,12,3.569841831512922e-05
彼岸,19,5.652249566562127e-05
如來身,2,5.949736385854871e-06
歸依佛,49,0.0001457685414534443
露地坐,10,2.974868192927435e-05
房,540,0.001606428824180815
鍵,8,2.3798945543419483e-05
貪著,7,2.0824077350492045e-05
叉手,5,1.4874340964637175e-05
鬼子母,3,8.924604578782306e-06
宿命智,4,1.1899472771709741e-05
專心,1,2.9748681929274353e-06
專念,4,1.1899472771709741e-05
七滅諍,11,3.2723550122201785e-05
五種行,1,2.9748681929274353e-06
兜羅,8,2.3798945543419483e-05
兜率天子,1,2.9748681929274353e-06
迴向,1,2.9748681929274353e-06
誦,263,0.0007823903347399155
前安居,40,0.0001189947277170974
吉羅,1544,0.00459319648987996
說四依,3,8.924604578782306e-06
波提,48,0.0001427936732605169
龕,1,2.9748681929274353e-06
乾闥,6,1.784920915756461e-05
慳貪,5,1.4874340964637175e-05
能行者,6,1.784920915756461e-05
迦蘭陀村,3,8.924604578782306e-06
闥婆,10,2.974868192927435e-05
徒眾,11,3.2723550122201785e-05
等覺,2,5.949736385854871e-06
意業,11,3.2723550122201785e-05
赤鉢,3,8.924604578782306e-06
等觀,3,8.924604578782306e-06
印信,4,1.1899472771709741e-05
清明,3,8.924604578782306e-06
作佛,5,1.4874340964637175e-05
鏡,6,1.784920915756461e-05
應護,2,5.949736385854871e-06
毘舍佉母,25,7.437170482318588e-05
條衣,1,2.9748681929274353e-06
餘乘,1,2.9748681929274353e-06
摩竭,65,0.00019336643254028329
納受,4,1.1899472771709741e-05
父,268,0.0007972646757045526
下地,2,5.949736385854871e-06
娑,93,0.00027666274194225145
解界,18,5.3547627472693834e-05
乾陀,2,5.949736385854871e-06
發願,5,1.4874340964637175e-05
羅睺,27,8.032144120904076e-05
驅烏,2,5.949736385854871e-06
十弟子,9,2.6773813736346917e-05
飲食,280,0.0008329630940196818
寶車,1,2.9748681929274353e-06
五百羅剎女,1,2.9748681929274353e-06
六種震動,1,2.9748681929274353e-06
摩納,80,0.0002379894554341948
覆肩衣,2,5.949736385854871e-06
婆利,4,1.1899472771709741e-05
牛頭,1,2.9748681929274353e-06
等身,1,2.9748681929274353e-06
魔波旬,4,1.1899472771709741e-05
烏,52,0.00015469314603222664
半跏趺坐,1,2.9748681929274353e-06
眾生相,1,2.9748681929274353e-06
佛舍,3,8.924604578782306e-06
貫華,1,2.9748681929274353e-06
樂天,2,5.949736385854871e-06
中梵,1,2.9748681929274353e-06
迦留陀夷,172,0.0005116773291835189
伽陀,28,8.329630940196818e-05
那羅陀,25,7.437170482318588e-05
苦聖諦,10,2.974868192927435e-05
貫花,1,2.9748681929274353e-06
象寶,1,2.9748681929274353e-06
自在,43,0.00012791933229587972
毛繩,1,2.9748681929274353e-06
應法,3,8.924604578782306e-06
中有,573,0.0017045994745474205
愛,255,0.000758591389196496
轉教,1,2.9748681929274353e-06
要道,1,2.9748681929274353e-06
清淨,438,0.0013029922685022165
珂貝,1,2.9748681929274353e-06
清涼,3,8.924604578782306e-06
許可,5,1.4874340964637175e-05
知事,4,1.1899472771709741e-05
橫,5,1.4874340964637175e-05
皮衣,6,1.784920915756461e-05
佛身,16,4.7597891086838965e-05
七返生,1,2.9748681929274353e-06
發露,23,6.842196843733101e-05
婆尼,5,1.4874340964637175e-05
聲,360,0.0010709525494538767
第二禪,2,5.949736385854871e-06
大千,5,1.4874340964637175e-05
發遣,1,2.9748681929274353e-06
五盛陰苦,1,2.9748681929274353e-06
曇,136,0.00040458207423813117
守籠那,42,0.0001249444641029523
甘蔗,13,3.867328650805666e-05
下堂,4,1.1899472771709741e-05
故住,3,8.924604578782306e-06
摩男,2,5.949736385854871e-06
故二,26,7.734657301611332e-05
飲酒,43,0.00012791933229587972
婆婆,2,5.949736385854871e-06
赤鹽,1,2.9748681929274353e-06
無所著,18,5.3547627472693834e-05
禿人,1,2.9748681929274353e-06
佛見,1,2.9748681929274353e-06
瞋毒,1,2.9748681929274353e-06
永安,2,5.949736385854871e-06
波利,40,0.0001189947277170974
佛語,44,0.00013089420048880714
佛說,54,0.00016064288241808151
耶舍,6,1.784920915756461e-05
學,824,0.0024512913909722064
寶藏,1,2.9748681929274353e-06
塚間坐,4,1.1899472771709741e-05
鳩羅,5,1.4874340964637175e-05
厭,169,0.0005027527246047365
要言,3,8.924604578782306e-06
伽毘羅,2,5.949736385854871e-06
實諦,1,2.9748681929274353e-06
捨墮,126,0.0003748333923088568
阿那含果,8,2.3798945543419483e-05
地神,2,5.949736385854871e-06
米,39,0.00011601985952416998
發起,29,8.627117759489562e-05
摩梨,4,1.1899472771709741e-05
赤色,4,1.1899472771709741e-05
合歡,9,2.6773813736346917e-05
貢高,2,5.949736385854871e-06
所有,25,7.437170482318588e-05
乾陀羅,2,5.949736385854871e-06
剎土,2,5.949736385854871e-06
牛迹,1,2.9748681929274353e-06
火光,11,3.2723550122201785e-05
角,70,0.00020824077350492046
語梵,2,5.949736385854871e-06
吉利,1,2.9748681929274353e-06
婆,1906,0.005670098775719692
須陀洹果,17,5.0572759279766396e-05
便利,6,1.784920915756461e-05
鉤紐,2,5.949736385854871e-06
窟內,1,2.9748681929274353e-06
地種,2,5.949736385854871e-06
滅擯,134,0.0003986323378522763
鬼神,16,4.7597891086838965e-05
摩樓,2,5.949736385854871e-06
布施,80,0.0002379894554341948
污染,3,8.924604578782306e-06
牛角,1,2.9748681929274353e-06
火坑,3,8.924604578782306e-06
第二月,2,5.949736385854871e-06
阿僧祇劫,1,2.9748681929274353e-06
優鉢羅華,3,8.924604578782306e-06
難陀,492,0.0014636351509202982
大迦旃延,6,1.784920915756461e-05
持律,44,0.00013089420048880714
解悟,3,8.924604578782306e-06
供養第一,2,5.949736385854871e-06
流來,2,5.949736385854871e-06
羅摩,2,5.949736385854871e-06
剎利,25,7.437170482318588e-05
墮在,2,5.949736385854871e-06
等至,1,2.9748681929274353e-06
婆師,1,2.9748681929274353e-06
合掌,172,0.0005116773291835189
板,23,6.842196843733101e-05
陵伽,32,9.519578217367793e-05
震動,4,1.1899472771709741e-05
性,25,7.437170482318588e-05
地獄,34,0.00010114551855953279
約,6,1.784920915756461e-05
首羅,6,1.784920915756461e-05
赤衣,3,8.924604578782306e-06
樹下坐,18,5.3547627472693834e-05
滅法,10,2.974868192927435e-05
方外,3,8.924604578782306e-06
境,6,1.784920915756461e-05
乾闥婆,6,1.784920915756461e-05
羅漢,149,0.00044325536074618784
提婆,190,0.0005652249566562127
恚結,1,2.9748681929274353e-06
事,1928,0.005735545875964095
種子,27,8.032144120904076e-05
甘露,6,1.784920915756461e-05
向火,1,2.9748681929274353e-06
繫,163,0.00048490351544717194
方便,804,0.0023917940271136577
捨,1452,0.004319508616130636
食前,3,8.924604578782306e-06
歸依法,20,5.94973638585487e-05
知客,1,2.9748681929274353e-06
海,85,0.000252863796398832
雜藏,1,2.9748681929274353e-06
大威德,1,2.9748681929274353e-06
沓婆,76,0.00022608998266248508
在家,32,9.519578217367793e-05
業因,5,1.4874340964637175e-05
在俗,2,5.949736385854871e-06
佛教,31,9.22209139807505e-05
轉輪王,5,1.4874340964637175e-05
跋陀羅,7,2.0824077350492045e-05
上士,10,2.974868192927435e-05
意解,5,1.4874340964637175e-05
上堂,3,8.924604578782306e-06
無作三昧,1,2.9748681929274353e-06
摩頭,5,1.4874340964637175e-05
意言,7,2.0824077350492045e-05
毘婆尸,4,1.1899472771709741e-05
闇室,8,2.3798945543419483e-05
意識,4,1.1899472771709741e-05
白四,125,0.0003718585241159294
赤眼,1,2.9748681929274353e-06
鉤,17,5.0572759279766396e-05
寶渚,2,5.949736385854871e-06
中論,1,2.9748681929274353e-06
給孤獨園,266,0.0007913149393186978
不如法,89,0.00026476326917054176
廣大,29,8.627117759489562e-05
勤,51,0.0001517182778392992
禪坐,1,2.9748681929274353e-06
乞食,341,0.0010144300537882555
極妙,3,8.924604578782306e-06
末利,26,7.734657301611332e-05
鉢頭摩,6,1.784920915756461e-05
佛戒,3,8.924604578782306e-06
雜華,2,5.949736385854871e-06
北七,3,8.924604578782306e-06
羅門,329,0.0009787316354731262
我事,2,5.949736385854871e-06
羅閱,102,0.0003034365556785984
上座,287,0.0008537871713701739
鬼,58,0.00017254235518979124
著心,3,8.924604578782306e-06
中觀,2,5.949736385854871e-06
寶所,1,2.9748681929274353e-06
摩醯,7,2.0824077350492045e-05
南無,7,2.0824077350492045e-05
佛法,221,0.0006574458706369632
烏伽羅國鉢,1,2.9748681929274353e-06
應應,2,5.949736385854871e-06
竹園,23,6.842196843733101e-05
禪定,9,2.6773813736346917e-05
莊嚴,83,0.0002469140600129771
諸欲,2,5.949736385854871e-06
等持,2,5.949736385854871e-06
見修,1,2.9748681929274353e-06
宿煮,1,2.9748681929274353e-06
留難,28,8.329630940196818e-05
蛇,64,0.00019039156434735586
名字比丘,1,2.9748681929274353e-06
反抄,25,7.437170482318588e-05
見佛,28,8.329630940196818e-05
毘蘭若,22,6.544710024440357e-05
慈,198,0.0005890239021996322
翅舍欽婆羅,3,8.924604578782306e-06
空,152,0.00045217996532497017
果,176,0.0005235768019552286
瞋恚,115,0.00034210984218665505
尼寺,10,2.974868192927435e-05
微妙,16,4.7597891086838965e-05
業報,19,5.652249566562127e-05
廣博,2,5.949736385854871e-06
無所有,2,5.949736385854871e-06
毛頭,1,2.9748681929274353e-06
師子王,1,2.9748681929274353e-06
佛母,2,5.949736385854871e-06
祇樹給孤獨園,266,0.0007913149393186978
見取,1,2.9748681929274353e-06
琉璃王,11,3.2723550122201785e-05
鼻識,1,2.9748681929274353e-06
諸根,33,9.817065036660537e-05
希有,4,1.1899472771709741e-05
四無量,1,2.9748681929274353e-06
唄匿,3,8.924604578782306e-06
樂受,39,0.00011601985952416998
智,272,0.0008091641484762623
降伏,9,2.6773813736346917e-05
憍,18,5.3547627472693834e-05
白二羯磨,149,0.00044325536074618784
等空,1,2.9748681929274353e-06
醍醐,3,8.924604578782306e-06
堪能,150,0.00044623022893911527
梵志,81,0.00024096432362712226
優婆提舍,1,2.9748681929274353e-06
式叉摩那,373,0.0011096258359619333
佛眼,3,8.924604578782306e-06
善,926,0.002754727946650805
摩訶,65,0.00019336643254028329
布薩,101,0.00030046168748567095
力士,9,2.6773813736346917e-05
八關齋,6,1.784920915756461e-05
見地,1,2.9748681929274353e-06
論偈,1,2.9748681929274353e-06
在世,14,4.164815470098409e-05
雜毒,1,2.9748681929274353e-06
飛行,3,8.924604578782306e-06
摩羅,99,0.0002945119510998161
梵天,32,9.519578217367793e-05
生老病死,4,1.1899472771709741e-05
盡智,3,8.924604578782306e-06
天耳智,1,2.9748681929274353e-06
中食,14,4.164815470098409e-05
變化,51,0.0001517182778392992
上人,63,0.0001874166961544284
人中尊,1,2.9748681929274353e-06
迦絺那,67,0.00019931616892613816
解脫,118,0.0003510344467654374
羅,4210,0.012524195092224502
斯陀含,12,3.569841831512922e-05
大比丘,38,0.00011304499133124254
香味,6,1.784920915756461e-05
迦葉尊者,1,2.9748681929274353e-06
寶珠,12,3.569841831512922e-05
教授阿闍梨,2,5.949736385854871e-06
佛經,6,1.784920915756461e-05
門神,6,1.784920915756461e-05
寶王,1,2.9748681929274353e-06
眾生說,2,5.949736385854871e-06
忍行,1,2.9748681929274353e-06
頗,45,0.0001338690686817346
見大,4,1.1899472771709741e-05
應現,1,2.9748681929274353e-06
慧燈王,1,2.9748681929274353e-06
論師,1,2.9748681929274353e-06
樂行,1,2.9748681929274353e-06
馬,139,0.0004135066788169135
孝順,4,1.1899472771709741e-05
圓光,2,5.949736385854871e-06
羅睺羅,26,7.734657301611332e-05
方便智,1,2.9748681929274353e-06
力,390,0.0011601985952416998
甚深,6,1.784920915756461e-05
瓦鉢,1,2.9748681929274353e-06
忍辱,3,8.924604578782306e-06
如來使,1,2.9748681929274353e-06
中道,15,4.462302289391153e-05
壽經,1,2.9748681929274353e-06
千輻輪相,3,8.924604578782306e-06
佛種,6,1.784920915756461e-05
毘舍佉,32,9.519578217367793e-05
自,3422,0.010179998956197683
髻珠,1,2.9748681929274353e-06
地,751,0.002234126012888504
歡喜,255,0.000758591389196496
盆,6,1.784920915756461e-05
尼犍子,7,2.0824077350492045e-05
無,3493,0.010391214597895531
天眼智,1,2.9748681929274353e-06
阿練若,10,2.974868192927435e-05
分陀利,11,3.2723550122201785e-05
婆陀,9,2.6773813736346917e-05
出佛身血,15,4.462302289391153e-05
閻浮,59,0.0001755172233827187
故苦,1,2.9748681929274353e-06
瞿波,2,5.949736385854871e-06
變易,1,2.9748681929274353e-06
須陀洹,23,6.842196843733101e-05
凡夫,2,5.949736385854871e-06
四空定,1,2.9748681929274353e-06
樂修,2,5.949736385854871e-06
見慧,4,1.1899472771709741e-05
事火,9,2.6773813736346917e-05
菩薩,74,0.0002201402462766302
大愛道,13,3.867328650805666e-05
身火,3,8.924604578782306e-06
夫人,90,0.0002677381373634692
希有人,1,2.9748681929274353e-06
野干,11,3.2723550122201785e-05
里,176,0.0005235768019552286
火聚,8,2.3798945543419483e-05
發得,3,8.924604578782306e-06
調御丈夫,10,2.974868192927435e-05
波逸提,1032,0.003070063975101113
事相,2,5.949736385854871e-06
未離欲,11,3.2723550122201785e-05
知者,64,0.00019039156434735586
柔軟,17,5.0572759279766396e-05
十三僧殘,1,2.9748681929274353e-06
快樂,15,4.462302289391153e-05
契經,7,2.0824077350492045e-05
車軸,3,8.924604578782306e-06
提舍,85,0.000252863796398832
樓毘,2,5.949736385854871e-06
八萬四,22,6.544710024440357e-05
有間,1,2.9748681929274353e-06
跪拜,2,5.949736385854871e-06
阿那律,76,0.00022608998266248508
種草,1,2.9748681929274353e-06
應作,288,0.0008567620395631013
應供,7,2.0824077350492045e-05
大迦葉,36,0.00010709525494538767
等供,2,5.949736385854871e-06
婆達,184,0.0005473757474986481
等侶,1,2.9748681929274353e-06
應人,2,5.949736385854871e-06
婆那,4,1.1899472771709741e-05
八聖道,4,1.1899472771709741e-05
末羅,8,2.3798945543419483e-05
心精進,1,2.9748681929274353e-06
唐捐,4,1.1899472771709741e-05
樂音,2,5.949736385854871e-06
見正,2,5.949736385854871e-06
流通,1,2.9748681929274353e-06
阿,1305,0.003882202991770303
阿羅漢果,18,5.3547627472693834e-05
師子吼,2,5.949736385854871e-06
宿命,11,3.2723550122201785e-05
羅閱祇,15,4.462302289391153e-05
兜術,1,2.9748681929274353e-06
十二因緣論,2,5.949736385854871e-06
持者,24,7.139683663025844e-05
知足,416,0.0012375451682578131
象駕,1,2.9748681929274353e-06
佛世,6,1.784920915756461e-05
酒,138,0.00041053181062398607
用心,4,1.1899472771709741e-05
波離,165,0.0004908532518330268
造花,1,2.9748681929274353e-06
佛事,5,1.4874340964637175e-05
業,112,0.0003331852376078727
無漏智,3,8.924604578782306e-06
悉達,1,2.9748681929274353e-06
宿命通,1,2.9748681929274353e-06
佛使,1,2.9748681929274353e-06
一解脫,1,2.9748681929274353e-06
廁孔,1,2.9748681929274353e-06
思,109,0.00032426063302909045
五戒,9,2.6773813736346917e-05
閑處,1,2.9748681929274353e-06
應,4825,0.014353739030874875
用大,1,2.9748681929274353e-06
想,334,0.0009936059764377634
蟲,45,0.0001338690686817346
喻,37,0.0001100701231383151
證明,2,5.949736385854871e-06
三惡道,26,7.734657301611332e-05
阿那含,10,2.974868192927435e-05
三十二大人相,1,2.9748681929274353e-06
無上法輪,4,1.1899472771709741e-05
知見,8,2.3798945543419483e-05
有所得,7,2.0824077350492045e-05
記,39,0.00011601985952416998
一由旬,4,1.1899472771709741e-05
二足,3,8.924604578782306e-06
得,3477,0.010343616706808691
歌頌,1,2.9748681929274353e-06
響,5,1.4874340964637175e-05
知識,93,0.00027666274194225145
見法,35,0.00010412038675246023
坐,1376,0.004093418633468151
有想無想,7,2.0824077350492045e-05
讖羅半尼,1,2.9748681929274353e-06
那羅延,1,2.9748681929274353e-06
應滅擯,59,0.0001755172233827187
黃門,67,0.00019931616892613816
三種智,5,1.4874340964637175e-05
舊住,25,7.437170482318588e-05
應報,2,5.949736385854871e-06
人林,1,2.9748681929274353e-06
上根,3,8.924604578782306e-06
見牛,1,2.9748681929274353e-06
南,29,8.627117759489562e-05
宿作,1,2.9748681929274353e-06
寶塔,6,1.784920915756461e-05
貪欲,25,7.437170482318588e-05
受戒阿闍梨,2,5.949736385854871e-06
愛著,3,8.924604578782306e-06
舞戲,2,5.949736385854871e-06
明,369,0.0010977263631902236
法,5379,0.016001816009756673
繫縛,20,5.94973638585487e-05
三種斷,4,1.1899472771709741e-05
梵罰,1,2.9748681929274353e-06
使者,15,4.462302289391153e-05
諍論,1,2.9748681929274353e-06
妓樂,1,2.9748681929274353e-06
尼波羅,10,2.974868192927435e-05
佛像,1,2.9748681929274353e-06
上流,1,2.9748681929274353e-06
佛光,1,2.9748681929274353e-06
見相,20,5.94973638585487e-05
佛具,1,2.9748681929274353e-06
禪杖,2,5.949736385854871e-06
般陀,27,8.032144120904076e-05
逆流,7,2.0824077350492045e-05
樂法,6,1.784920915756461e-05
食,3177,0.009451156248930462
布薩犍度,3,8.924604578782306e-06
懸香,1,2.9748681929274353e-06
無所得,2,5.949736385854871e-06
等得,11,3.2723550122201785e-05
害,85,0.000252863796398832
等心,2,5.949736385854871e-06
事教,3,8.924604578782306e-06
首陀羅,1,2.9748681929274353e-06
貪愛,2,5.949736385854871e-06
禪鎮,1,2.9748681929274353e-06
上慢,11,3.2723550122201785e-05
阿梨吒,45,0.0001338690686817346
鳩夷羅,1,2.9748681929274353e-06
字,115,0.00034210984218665505
著我,1,2.9748681929274353e-06
方詣,4,1.1899472771709741e-05
鉢羅,19,5.652249566562127e-05
安居竟,32,9.519578217367793e-05
下轉,1,2.9748681929274353e-06
佛心,2,5.949736385854871e-06
持鉢,144,0.00042838101978155067
闇,50,0.00014874340964637176
梵眾,5,1.4874340964637175e-05
下衣,6,1.784920915756461e-05
佛塔,42,0.0001249444641029523
寶器,3,8.924604578782306e-06
腐爛藥,8,2.3798945543419483e-05
歌詠,11,3.2723550122201785e-05
獼猴江,9,2.6773813736346917e-05
獼猴池,1,2.9748681929274353e-06
一異,7,2.0824077350492045e-05
殺,313,0.0009311337443862872
等味,1,2.9748681929274353e-06
極惡,1,2.9748681929274353e-06
理,51,0.0001517182778392992
解,534,0.0015885796150232503
閻浮檀金,7,2.0824077350492045e-05
等諦,3,8.924604578782306e-06
多,1468,0.0043671065072174746
僧祇,14,4.164815470098409e-05
信,426,0.0012672938501870875
香爐,3,8.924604578782306e-06
蘇蔓那,1,2.9748681929274353e-06
下語,1,2.9748681929274353e-06
佛子,4,1.1899472771709741e-05
梵王,10,2.974868192927435e-05
非梵行,11,3.2723550122201785e-05
戒取,1,2.9748681929274353e-06
行妙,1,2.9748681929274353e-06
大船,1,2.9748681929274353e-06
無憂王,1,2.9748681929274353e-06
戒印,1,2.9748681929274353e-06
惡人,19,5.652249566562127e-05
不生,42,0.0001249444641029523
善業,5,1.4874340964637175e-05
龜,3,8.924604578782306e-06
二六,2,5.949736385854871e-06
邊界,5,1.4874340964637175e-05
行堂,11,3.2723550122201785e-05
無上,41,0.00012196959591002484
報應,2,5.949736385854871e-06
行學,5,1.4874340964637175e-05
真道,2,5.949736385854871e-06
大聖,1,2.9748681929274353e-06
實,376,0.0011185504405407157
報恩,7,2.0824077350492045e-05
無住,49,0.0001457685414534443
善惡,10,2.974868192927435e-05
無作,9,2.6773813736346917e-05
波羅提木叉,34,0.00010114551855953279
行婬,147,0.000437305624360333
波羅提提舍尼,44,0.00013089420048880714
長者,255,0.000758591389196496
長老,401,0.0011929221453639016
無依,38,0.00011304499133124254
壞相,1,2.9748681929274353e-06
那,1062,0.0031593100208889362
二和,1,2.9748681929274353e-06
五神通,1,2.9748681929274353e-06
魔梵,2,5.949736385854871e-06
如是因,13,3.867328650805666e-05
雷,2,5.949736385854871e-06
俱解脫,2,5.949736385854871e-06
實語,22,6.544710024440357e-05
內供,2,5.949736385854871e-06
念經,1,2.9748681929274353e-06
持念,2,5.949736385854871e-06
蘭,714,0.0021240558897501886
大娑羅,1,2.9748681929274353e-06
俗人,3,8.924604578782306e-06
威儀,598,0.0017789711793706063
衣犍度,2,5.949736385854871e-06
二因,4,1.1899472771709741e-05
愛心,1,2.9748681929274353e-06
愛念,24,7.139683663025844e-05
眠,115,0.00034210984218665505
梵,467,0.0013892634460971123
二學,1,2.9748681929274353e-06
戒品,2,5.949736385854871e-06
瞻病,49,0.0001457685414534443
戒名,5,1.4874340964637175e-05
纏,370,0.001100701231383151
僧自恣日,1,2.9748681929274353e-06
戒定,4,1.1899472771709741e-05
大論,1,2.9748681929274353e-06
行入,48,0.0001427936732605169
八不,10,2.974868192927435e-05
憶持,27,8.032144120904076e-05
戒學,17,5.0572759279766396e-05
瞿波羅,1,2.9748681929274353e-06
二如,6,1.784920915756461e-05
藥犍度,2,5.949736385854871e-06
二天,1,2.9748681929274353e-06
外道,235,0.0006990940253379473
二女,1,2.9748681929274353e-06
天耳,7,2.0824077350492045e-05
月天,3,8.924604578782306e-06
乘,188,0.0005592752202703579
器,271,0.000806189280283335
顯露,10,2.974868192927435e-05
有,7431,0.02210624554164377
如是報,3,8.924604578782306e-06
財欲,1,2.9748681929274353e-06
大衣,2,5.949736385854871e-06
供養,308,0.00091625940342165
露地,68,0.00020229103711906558
伊梨延陀,9,2.6773813736346917e-05
白衣,441,0.001311916873080999
威德,6,1.784920915756461e-05
戒場,21,6.247223205147615e-05
善根,3,8.924604578782306e-06
長衣,40,0.0001189947277170974
長行,1,2.9748681929274353e-06
戒德,2,5.949736385854871e-06
大身,2,5.949736385854871e-06
離婆多,36,0.00010709525494538767
戒律,6,1.784920915756461e-05
行善,11,3.2723550122201785e-05
結使,17,5.0572759279766396e-05
觀佛,2,5.949736385854871e-06
女根,18,5.3547627472693834e-05
四聖諦,7,2.0824077350492045e-05
赤真珠,1,2.9748681929274353e-06
死屍,30,8.924604578782306e-05
祇陀,8,2.3798945543419483e-05
戒師,11,3.2723550122201785e-05
有覺有觀三昧,1,2.9748681929274353e-06
九漏,1,2.9748681929274353e-06
實者,3,8.924604578782306e-06
長跪,4,1.1899472771709741e-05
如空,3,8.924604578782306e-06
珠髻大臣,1,2.9748681929274353e-06
二師,3,8.924604578782306e-06
瓔珞,72,0.00021419050989077533
小便,153,0.0004551548335178976
道中,24,7.139683663025844e-05
白象,3,8.924604578782306e-06
善法,98,0.0002915370829068886
道人,5,1.4874340964637175e-05
九流,1,2.9748681929274353e-06
通達,1,2.9748681929274353e-06
隨一,1,2.9748681929274353e-06
吒婆,4,1.1899472771709741e-05
六師,2,5.949736385854871e-06
佛舍利,3,8.924604578782306e-06
道具,1,2.9748681929274353e-06
不斷,15,4.462302289391153e-05
糞掃衣,99,0.0002945119510998161
差別,9,2.6773813736346917e-05
善現,12,3.569841831512922e-05
坐具,135,0.00040160720604520375
真色,1,2.9748681929274353e-06
達嚫,4,1.1899472771709741e-05
福德,29,8.627117759489562e-05
天魔,4,1.1899472771709741e-05
我見,44,0.00013089420048880714
界內,65,0.00019336643254028329
君持,4,1.1899472771709741e-05
坊,9,2.6773813736346917e-05
長鉢,11,3.2723550122201785e-05
無常,18,5.3547627472693834e-05
我論,1,2.9748681929274353e-06
優波離,150,0.00044623022893911527
如是,4141,0.012318929186912509
慧解,6,1.784920915756461e-05
禁戒經,1,2.9748681929274353e-06
取,1253,0.0037275098457380763
界分,1,2.9748681929274353e-06
杖林,4,1.1899472771709741e-05
周那,2,5.949736385854871e-06
無念,1,2.9748681929274353e-06
別偈,1,2.9748681929274353e-06
內心,3,8.924604578782306e-06
九瘡,1,2.9748681929274353e-06
齋法,10,2.974868192927435e-05
如意,21,6.247223205147615e-05
門,1594,0.004741939899526332
明行足,10,2.974868192927435e-05
提舍尼,44,0.00013089420048880714
天龍,2,5.949736385854871e-06
末佉梨劬奢離,1,2.9748681929274353e-06
無始,1,2.9748681929274353e-06
道品,1,2.9748681929274353e-06
師檀,17,5.0572759279766396e-05
通覆,1,2.9748681929274353e-06
報生,1,2.9748681929274353e-06
惡報,1,2.9748681929274353e-06
福報,1,2.9748681929274353e-06
無學,7,2.0824077350492045e-05
行人,19,5.652249566562127e-05
不增不減,3,8.924604578782306e-06
隨意,106,0.0003153360284503081
無安,7,2.0824077350492045e-05
行乞,5,1.4874340964637175e-05
初禪,9,2.6773813736346917e-05
無實,3,8.924604578782306e-06
舍衛城,52,0.00015469314603222664
行一,10,2.974868192927435e-05
取與,23,6.842196843733101e-05
不淨,464,0.00138033884151833
我聞,24,7.139683663025844e-05
如法,692,0.0020586087895057854
梵天王,8,2.3798945543419483e-05
我者,26,7.734657301611332e-05
船師,3,8.924604578782306e-06
界如,3,8.924604578782306e-06
師教,9,2.6773813736346917e-05
助道,1,2.9748681929274353e-06
大魚,1,2.9748681929274353e-06
界外,102,0.0003034365556785984
沙彌尼,426,0.0012672938501870875
天道,1,2.9748681929274353e-06
如,7189,0.02138632743895533
髮塔,1,2.9748681929274353e-06
長養,4,1.1899472771709741e-05
道安,5,1.4874340964637175e-05
善神,2,5.949736385854871e-06
欠,2,5.949736385854871e-06
難度,2,5.949736385854871e-06
兜率天,1,2.9748681929274353e-06
罣礙,4,1.1899472771709741e-05
無垢,15,4.462302289391153e-05
慧能,1,2.9748681929274353e-06
共生,1,2.9748681929274353e-06
那羅,27,8.032144120904076e-05
妙,37,0.0001100701231383151
魚,56,0.00016659261880393636
無價,2,5.949736385854871e-06
國王,51,0.0001517182778392992
現當,5,1.4874340964637175e-05
長板,1,2.9748681929274353e-06
惡口,5,1.4874340964637175e-05
惡叉,8,2.3798945543419483e-05
如是作,34,0.00010114551855953279
盲,41,0.00012196959591002484
千二百五十人,13,3.867328650805666e-05
取著,18,5.3547627472693834e-05
實道,1,2.9748681929274353e-06
現相,30,8.924604578782306e-05
瞻波,1,2.9748681929274353e-06
二三,9,2.6773813736346917e-05
達多,62,0.000184441827961501
貞實,2,5.949736385854871e-06
道心,1,2.9748681929274353e-06
死人衣,14,4.164815470098409e-05
小師,1,2.9748681929274353e-06
禮拜,61,0.00018146695976857354
通肩,11,3.2723550122201785e-05
魔王,2,5.949736385854871e-06
不惜身命,1,2.9748681929274353e-06
蟻,7,2.0824077350492045e-05
諷誦,4,1.1899472771709741e-05
共相,138,0.00041053181062398607
即,2214,0.006586358179141341
身證,1,2.9748681929274353e-06
身識,1,2.9748681929274353e-06
因緣說,1,2.9748681929274353e-06
不善,153,0.0004551548335178976
神通,21,6.247223205147615e-05
波羅夷,655,0.00194853866636747
心受,15,4.462302289391153e-05
隱身,1,2.9748681929274353e-06
安隱,63,0.0001874166961544284
至言,1,2.9748681929274353e-06
國一,1,2.9748681929274353e-06
燒香,4,1.1899472771709741e-05
結戒,545,0.0016213031651454522
二犯,34,0.00010114551855953279
無減,1,2.9748681929274353e-06
死狗,1,2.9748681929274353e-06
身見,1,2.9748681929274353e-06
六法,20,5.94973638585487e-05
難有,6,1.784920915756461e-05
身行,22,6.544710024440357e-05
二王,2,5.949736385854871e-06
無漏,13,3.867328650805666e-05
死王,1,2.9748681929274353e-06
二現,1,2.9748681929274353e-06
跋提,49,0.0001457685414534443
得定,11,3.2723550122201785e-05
有主物,5,1.4874340964637175e-05
順流,7,2.0824077350492045e-05
沙彌戒,15,4.462302289391153e-05
僧若,11,3.2723550122201785e-05
無根,107,0.00031831089664323555
如是相,15,4.462302289391153e-05
坐斷,1,2.9748681929274353e-06
恭敬,107,0.00031831089664323555
蘇摩國鉢,1,2.9748681929274353e-06
禁滿,2,5.949736385854871e-06
愛結,3,8.924604578782306e-06
野,69,0.00020526590531199304
阿若,10,2.974868192927435e-05
行籌,2,5.949736385854871e-06
趺坐,21,6.247223205147615e-05
差摩,11,3.2723550122201785e-05
道服,1,2.9748681929274353e-06
六根,1,2.9748681929274353e-06
恒水,12,3.569841831512922e-05
死相,5,1.4874340964637175e-05
二相,2,5.949736385854871e-06
現世,8,2.3798945543419483e-05
道果,1,2.9748681929274353e-06
恒河,4,1.1899472771709741e-05
著,1285,0.0038227056279117543
惡業,6,1.784920915756461e-05
無欲,22,6.544710024440357e-05
不動,30,8.924604578782306e-05
燈籠,1,2.9748681929274353e-06
緣起法,2,5.949736385854871e-06
名,424,0.0012613441138012325
師子,40,0.0001189947277170974
二眾,8,2.3798945543419483e-05
蘇曼那,2,5.949736385854871e-06
度,251,0.0007466919164247863
分散,2,5.949736385854871e-06
阿耨,9,2.6773813736346917e-05
序,40,0.0001189947277170974
血,61,0.00018146695976857354
六時,1,2.9748681929274353e-06
作禮,30,8.924604578782306e-05
禁戒,10,2.974868192927435e-05
形像,5,1.4874340964637175e-05
五陰,1,2.9748681929274353e-06
燈王,1,2.9748681929274353e-06
號,9,2.6773813736346917e-05
剃刀,7,2.0824077350492045e-05
二禪,5,1.4874340964637175e-05
惱,437,0.0013000174003092893
福果,2,5.949736385854871e-06
無方,2,5.949736385854871e-06
諂,6,1.784920915756461e-05
施設,6,1.784920915756461e-05
波摩那,3,8.924604578782306e-06
女人,309,0.0009192342716145775
無明,9,2.6773813736346917e-05
眾,2139,0.006363243064671784
八法,13,3.867328650805666e-05
空閑處,1,2.9748681929274353e-06
寶,298,0.0008865107214923757
世間,83,0.0002469140600129771
施行,3,8.924604578782306e-06
達水,1,2.9748681929274353e-06
然燈,12,3.569841831512922e-05
善來,14,4.164815470098409e-05
報佛,1,2.9748681929274353e-06
戒羸,9,2.6773813736346917e-05
無想,8,2.3798945543419483e-05
淨行者,6,1.784920915756461e-05
引導,4,1.1899472771709741e-05
無愧,13,3.867328650805666e-05
如夢,3,8.924604578782306e-06
善人,1,2.9748681929274353e-06
無愛,6,1.784920915756461e-05
內明,1,2.9748681929274353e-06
無慚,29,8.627117759489562e-05
威神,23,6.842196843733101e-05
鍵鎡,2,5.949736385854871e-06
截頭,2,5.949736385854871e-06
八正,6,1.784920915756461e-05
道法,83,0.0002469140600129771
空無相無願,2,5.949736385854871e-06
不審,12,3.569841831512922e-05
戒經,15,4.462302289391153e-05
無我,5,1.4874340964637175e-05
無戒,4,1.1899472771709741e-05
惡性,12,3.569841831512922e-05
不害,5,1.4874340964637175e-05
深藏,5,1.4874340964637175e-05
優婆塞,92,0.00027368787374932403
優伽,6,1.784920915756461e-05
五通,4,1.1899472771709741e-05
自恣犍度,1,2.9748681929274353e-06
萬字,1,2.9748681929274353e-06
五道,1,2.9748681929274353e-06
二義,5,1.4874340964637175e-05
優婆夷,35,0.00010412038675246023
龍珠,1,2.9748681929274353e-06
不兩舌,1,2.9748681929274353e-06
釋種,57,0.0001695674869968638
伽梵,2,5.949736385854871e-06
佛出世,6,1.784920915756461e-05
伽梨,84,0.0002498889282059046
幡,16,4.7597891086838965e-05
如實,50,0.00014874340964637176
五種正食,1,2.9748681929274353e-06
祇陀園,1,2.9748681929274353e-06
善友,2,5.949736385854871e-06
如實知,26,7.734657301611332e-05
已生,9,2.6773813736346917e-05
最正覺,4,1.1899472771709741e-05
等正覺,56,0.00016659261880393636
行業,1,2.9748681929274353e-06
迦旃延,24,7.139683663025844e-05
擯出,4,1.1899472771709741e-05
內空,4,1.1899472771709741e-05
阿難,357,0.0010620279448750943
奴婢,4,1.1899472771709741e-05
內種,1,2.9748681929274353e-06
一切處,1,2.9748681929274353e-06
一切世間,1,2.9748681929274353e-06
善利,3,8.924604578782306e-06
無緣,1,2.9748681929274353e-06
憍慢,4,1.1899472771709741e-05
愛欲,15,4.462302289391153e-05
耆婆,96,0.0002855873465210338
小王,5,1.4874340964637175e-05
僧事,57,0.0001695674869968638
無上道,6,1.784920915756461e-05
別眾,212,0.0006306720569006163
二持,1,2.9748681929274353e-06
唯,113,0.0003361601058008002
觸,275,0.0008180887530550447
世論,1,2.9748681929274353e-06
小界,29,8.627117759489562e-05
憶念,174,0.0005176270655693737
多聞,66,0.00019634130073321074
戒本,2,5.949736385854871e-06
未曾有經,2,5.949736385854871e-06
二斷,3,8.924604578782306e-06
行法,7,2.0824077350492045e-05
無礙,13,3.867328650805666e-05
愛法,2,5.949736385854871e-06
善因,1,2.9748681929274353e-06
報因,14,4.164815470098409e-05
魔天,8,2.3798945543419483e-05
思量,1,2.9748681929274353e-06
五識,3,8.924604578782306e-06
摩那埵,193,0.000574149561234995
僧都,1,2.9748681929274353e-06
樂,1235,0.0036739622182653826
臥,481,0.0014309116007980964
出家樂,1,2.9748681929274353e-06
二明,2,5.949736385854871e-06
結界,15,4.462302289391153e-05
學戒,433,0.0012881179275375794
五衣,28,8.329630940196818e-05
摩訶羅,2,5.949736385854871e-06
漉水囊,4,1.1899472771709741e-05
善哉,57,0.0001695674869968638
遊化,2,5.949736385854871e-06
餓鬼,24,7.139683663025844e-05
無等,1,2.9748681929274353e-06
受戒犍度,1,2.9748681929274353e-06
坐禪,28,8.329630940196818e-05
多貪,2,5.949736385854871e-06
難經,2,5.949736385854871e-06
國土,36,0.00010709525494538767
僧供,13,3.867328650805666e-05
二根,23,6.842196843733101e-05
木叉,34,0.00010114551855953279
伽羅,10,2.974868192927435e-05
藥草,3,8.924604578782306e-06
證智,1,2.9748681929274353e-06
欄楯,4,1.1899472771709741e-05
無畏,22,6.544710024440357e-05
粟散,2,5.949736385854871e-06
多足,3,8.924604578782306e-06
九孔,2,5.949736385854871e-06
烏婆陀頗尼,1,2.9748681929274353e-06
無疑,25,7.437170482318588e-05
念法,1,2.9748681929274353e-06
愛恚,4,1.1899472771709741e-05
不信,51,0.0001517182778392992
安陀會,14,4.164815470098409e-05
具足,604,0.0017968203885281708
內煮,10,2.974868192927435e-05
喜見,2,5.949736385854871e-06
現前,104,0.0003093862920644533
孔雀,15,4.462302289391153e-05
五蓋,1,2.9748681929274353e-06
僧伽藍,258,0.0007675159937752783
優鉢,6,1.784920915756461e-05
解脫知見,4,1.1899472771709741e-05
尼拘律,14,4.164815470098409e-05
十道,1,2.9748681929274353e-06
無相,6,1.784920915756461e-05
施食,21,6.247223205147615e-05
不二,7,2.0824077350492045e-05
五藏,1,2.9748681929274353e-06
如來,337,0.0010025305810165456
謦咳,2,5.949736385854871e-06
生,1156,0.0034389476310241153
無瞋,4,1.1899472771709741e-05
無知,17,5.0572759279766396e-05
福田,5,1.4874340964637175e-05
軟語,2,5.949736385854871e-06
善心,18,5.3547627472693834e-05
伊羅葉,1,2.9748681929274353e-06
無為,6,1.784920915756461e-05
空處,19,5.652249566562127e-05
行教,3,8.924604578782306e-06
賓坻,1,2.9748681929274353e-06
五色,3,8.924604578782306e-06
小經,1,2.9748681929274353e-06
愛敬,2,5.949736385854871e-06
神足,70,0.00020824077350492046
極樂,1,2.9748681929274353e-06
口業,3,8.924604578782306e-06
無熱,1,2.9748681929274353e-06
摩訶男,19,5.652249566562127e-05
死海,1,2.9748681929274353e-06
難破,1,2.9748681929274353e-06
結縛,4,1.1899472771709741e-05
內界,1,2.9748681929274353e-06
愛染,1,2.9748681929274353e-06
二滅,14,4.164815470098409e-05
善巧,5,1.4874340964637175e-05
釋翅搜,7,2.0824077350492045e-05
現在,17,5.0572759279766396e-05
最後,5,1.4874340964637175e-05
戒法,11,3.2723550122201785e-05
撿挍,3,8.924604578782306e-06
不悅,12,3.569841831512922e-05
知,3124,0.009293488234705308
涅槃,61,0.00018146695976857354
入眾,5,1.4874340964637175e-05
尸陀,3,8.924604578782306e-06
命根,17,5.0572759279766396e-05
經法,6,1.784920915756461e-05
丈夫,18,5.3547627472693834e-05
三從,1,2.9748681929274353e-06
受隨,1,2.9748681929274353e-06
摩竭魚,1,2.9748681929274353e-06
過度,1,2.9748681929274353e-06
崛山,53,0.00015766801422515406
邊地,2,5.949736385854871e-06
聽眾,5,1.4874340964637175e-05
相,1006,0.0029927174020849996
虛空,21,6.247223205147615e-05
舍利,154,0.000458129701710825
形色,11,3.2723550122201785e-05
突吉羅,1542,0.004587246753494105
星宿,6,1.784920915756461e-05
老苦,1,2.9748681929274353e-06
四正勤,2,5.949736385854871e-06
聲處,1,2.9748681929274353e-06
綖,43,0.00012791933229587972
那律,76,0.00022608998266248508
一滅,9,2.6773813736346917e-05
仙人,41,0.00012196959591002484
偈句,1,2.9748681929274353e-06
寂定,10,2.974868192927435e-05
三子,1,2.9748681929274353e-06
鉢支,5,1.4874340964637175e-05
三學,11,3.2723550122201785e-05
內外道,3,8.924604578782306e-06
海龍王,13,3.867328650805666e-05
淨妙,1,2.9748681929274353e-06
淨天,1,2.9748681929274353e-06
一法,11,3.2723550122201785e-05
三報,3,8.924604578782306e-06
智者,11,3.2723550122201785e-05
出息,4,1.1899472771709741e-05
貝,33,9.817065036660537e-05
禿,9,2.6773813736346917e-05
界,403,0.0011988718817497563
第三禪,3,8.924604578782306e-06
天魔波旬,1,2.9748681929274353e-06
善生,2,5.949736385854871e-06
三多,1,2.9748681929274353e-06
勤行,8,2.3798945543419483e-05
三大,1,2.9748681929274353e-06
曠野城,9,2.6773813736346917e-05
遊行,153,0.0004551548335178976
修多羅,30,8.924604578782306e-05
經文,12,3.569841831512922e-05
半錢,1,2.9748681929274353e-06
淨地,45,0.0001338690686817346
受齋,3,8.924604578782306e-06
有學,2,5.949736385854871e-06
舍夷,14,4.164815470098409e-05
一持,1,2.9748681929274353e-06
擁護,1,2.9748681929274353e-06
三垢,1,2.9748681929274353e-06
頂生王,1,2.9748681929274353e-06
逝經,1,2.9748681929274353e-06
給孤,306,0.0009103096670357952
頌,3,8.924604578782306e-06
得脫,7,2.0824077350492045e-05
三和,1,2.9748681929274353e-06
授記,2,5.949736385854871e-06
作善,2,5.949736385854871e-06
芻摩,9,2.6773813736346917e-05
三周,2,5.949736385854871e-06
不放逸,25,7.437170482318588e-05
積聚,6,1.784920915756461e-05
讚歎,84,0.0002498889282059046
請佛住世,1,2.9748681929274353e-06
讚,116,0.0003450847103795825
摩頂,1,2.9748681929274353e-06
一明,1,2.9748681929274353e-06
一時,11,3.2723550122201785e-05
生死海,1,2.9748681929274353e-06
不淨施,21,6.247223205147615e-05
一智,1,2.9748681929274353e-06
數人,9,2.6773813736346917e-05
過去,19,5.652249566562127e-05
不蘭迦葉,10,2.974868192927435e-05
六如,4,1.1899472771709741e-05
阿羅婆,1,2.9748681929274353e-06
三句,23,6.842196843733101e-05
入空,14,4.164815470098409e-05
三千,5,1.4874340964637175e-05
智證,10,2.974868192927435e-05
三匝,14,4.164815470098409e-05
開解,10,2.974868192927435e-05
喜受,4,1.1899472771709741e-05
掉,11,3.2723550122201785e-05
跏趺,6,1.784920915756461e-05
那由他,4,1.1899472771709741e-05
瞿曇彌,10,2.974868192927435e-05
那含,15,4.462302289391153e-05
諸漏,1,2.9748681929274353e-06
形身,1,2.9748681929274353e-06
異學,11,3.2723550122201785e-05
仁,2,5.949736385854871e-06
五通仙,3,8.924604578782306e-06
一斷,4,1.1899472771709741e-05
一日,97,0.0002885622147139612
命,477,0.0014190121280263867
轉,215,0.0006395966614793986
兩舌,6,1.784920915756461e-05
淨人,40,0.0001189947277170974
五納衣,2,5.949736385854871e-06
一等,1,2.9748681929274353e-06
禮敬,11,3.2723550122201785e-05
尼衣,41,0.00012196959591002484
散,59,0.0001755172233827187
波夜提,3,8.924604578782306e-06
出生,1,2.9748681929274353e-06
書,95,0.00028261247832810636
律相,4,1.1899472771709741e-05
藏,689,0.002049684184927003
十二因緣,2,5.949736385854871e-06
山王,2,5.949736385854871e-06
那伽,1,2.9748681929274353e-06
我相,2,5.949736385854871e-06
蓋,87,0.00025881353278468686
斯陀含果,8,2.3798945543419483e-05
出現,3,8.924604578782306e-06
有緣,3,8.924604578782306e-06
梵身天,1,2.9748681929274353e-06
未生怨,1,2.9748681929274353e-06
迦尸,8,2.3798945543419483e-05
大神力,30,8.924604578782306e-05
伊羅鉢龍王,6,1.784920915756461e-05
轉輪,16,4.7597891086838965e-05
鉢盂,1,2.9748681929274353e-06
乃至,1145,0.0034062240809019134
婆梨,4,1.1899472771709741e-05
受者,30,8.924604578782306e-05
獲,19,5.652249566562127e-05
悔過,32,9.519578217367793e-05
宗,11,3.2723550122201785e-05
等智,2,5.949736385854871e-06
度生,1,2.9748681929274353e-06
漏,424,0.0012613441138012325
人,4759,0.014157397730141665
微,28,8.329630940196818e-05
幢幡,5,1.4874340964637175e-05
男根,56,0.00016659261880393636
眾僧,656,0.0019515135345603975
異人,15,4.462302289391153e-05
時經,1,2.9748681929274353e-06
得道,7,2.0824077350492045e-05
支佛,3,8.924604578782306e-06
偷蘭遮,495,0.0014725597554990804
願,287,0.0008537871713701739
賢聖,13,3.867328650805666e-05
有作,31,9.22209139807505e-05
俱起,2,5.949736385854871e-06
須達多,1,2.9748681929274353e-06
一真,3,8.924604578782306e-06
四天下,8,2.3798945543419483e-05
有事,19,5.652249566562127e-05
入檀,1,2.9748681929274353e-06
身清淨,2,5.949736385854871e-06
臨終,1,2.9748681929274353e-06
廁,47,0.00013981880506758947
一界,23,6.842196843733101e-05
迦陵伽王,1,2.9748681929274353e-06
開顯,1,2.9748681929274353e-06
受衣,37,0.0001100701231383151
選擇,5,1.4874340964637175e-05
賢,16,4.7597891086838965e-05
果報,14,4.164815470098409e-05
頭陀,380,0.0011304499133124254
迦樓,2,5.949736385854871e-06
彌勒,1,2.9748681929274353e-06
多羅樹,22,6.544710024440357e-05
虛妄,5,1.4874340964637175e-05
人身,37,0.0001100701231383151
漏盡阿羅漢,1,2.9748681929274353e-06
人界,2,5.949736385854871e-06
琉璃太子,2,5.949736385854871e-06
無上正真道,2,5.949736385854871e-06
結夏,1,2.9748681929274353e-06
逐鹿,1,2.9748681929274353e-06
闇心,1,2.9748681929274353e-06
果斷,1,2.9748681929274353e-06
難,1565,0.0046556687219314365
八萬四千,22,6.544710024440357e-05
輪寶,1,2.9748681929274353e-06
有無,10,2.974868192927435e-05
有為,7,2.0824077350492045e-05
三結,2,5.949736385854871e-06
優填,3,8.924604578782306e-06
一一,86,0.00025583866459175943
佉梨,2,5.949736385854871e-06
計,14,4.164815470098409e-05
一乘,1,2.9748681929274353e-06
句,497,0.0014785094918849354
染衣,14,4.164815470098409e-05
俱夜羅,1,2.9748681929274353e-06
三節,7,2.0824077350492045e-05
有相,3,8.924604578782306e-06
一佛,1,2.9748681929274353e-06
轉輪聖王,8,2.3798945543419483e-05
釋迦牟尼,1,2.9748681929274353e-06
展轉,71,0.0002112156416978479
邏,5,1.4874340964637175e-05
人見,28,8.329630940196818e-05
慚,594,0.0017670717065988964
眼根,3,8.924604578782306e-06
酥,111,0.0003302103694149453
畢陵伽,29,8.627117759489562e-05
未曾有,45,0.0001338690686817346
三禪,5,1.4874340964637175e-05
佛,5643,0.016787181212689517
跋闍子,11,3.2723550122201785e-05
淨眾,4,1.1899472771709741e-05
證,104,0.0003093862920644533
染著,45,0.0001338690686817346
出世,30,8.924604578782306e-05
有空,8,2.3798945543419483e-05
遍照,1,2.9748681929274353e-06
迦提,6,1.784920915756461e-05
不見舉,11,3.2723550122201785e-05
邊罪,17,5.0572759279766396e-05
解釋,1,2.9748681929274353e-06
六年苦行,1,2.9748681929274353e-06
四大海,1,2.9748681929274353e-06
三病,1,2.9748681929274353e-06
驚覺,2,5.949736385854871e-06
拘那含,5,1.4874340964637175e-05
男女,26,7.734657301611332e-05
三界,1,2.9748681929274353e-06
劫賓那,1,2.9748681929274353e-06
悲,12,3.569841831512922e-05
三生,1,2.9748681929274353e-06
異義,1,2.9748681929274353e-06
有習,2,5.949736385854871e-06
入寺,8,2.3798945543419483e-05
時衣,23,6.842196843733101e-05
入寂,1,2.9748681929274353e-06
摩訶迦葉,6,1.784920915756461e-05
事善,2,5.949736385854871e-06
入定,8,2.3798945543419483e-05
龍象,11,3.2723550122201785e-05
眾會,1,2.9748681929274353e-06
殺生,47,0.00013981880506758947
作犯,9,2.6773813736346917e-05
慢,34,0.00010114551855953279
迦摩,3,8.924604578782306e-06
舍羅,111,0.0003302103694149453
有結,3,8.924604578782306e-06
求法,6,1.784920915756461e-05
三火,1,2.9748681929274353e-06
染色,4,1.1899472771709741e-05
覺道,1,2.9748681929274353e-06
讚佛,3,8.924604578782306e-06
文句,7,2.0824077350492045e-05
修得,2,5.949736385854871e-06
說淨,1,2.9748681929274353e-06
斷滅,8,2.3798945543419483e-05
入塔,6,1.784920915756461e-05
寂然,5,1.4874340964637175e-05
迦旃,24,7.139683663025844e-05
寂滅,3,8.924604578782306e-06
憶,409,0.001216721090907321
不動地,1,2.9748681929274353e-06
一家,3,8.924604578782306e-06
一寂,1,2.9748681929274353e-06
天人師,10,2.974868192927435e-05
一寶,1,2.9748681929274353e-06
三法,61,0.00018146695976857354
化,207,0.0006157977159359791
利養,75,0.00022311511446955763
三治,1,2.9748681929274353e-06
一塵,1,2.9748681929274353e-06
偷蘭,528,0.001570730405865686
一增,2,5.949736385854871e-06
佉羅,4,1.1899472771709741e-05
布施物,1,2.9748681929274353e-06
燈,58,0.00017254235518979124
樂著,1,2.9748681929274353e-06
有愧,1,2.9748681929274353e-06
有想,11,3.2723550122201785e-05
一坐食,15,4.462302289391153e-05
度弟,10,2.974868192927435e-05
翳,10,2.974868192927435e-05
一如,3,8.924604578782306e-06
善男子,16,4.7597891086838965e-05
作法,23,6.842196843733101e-05
打擲,1,2.9748681929274353e-06
帝釋,14,4.164815470098409e-05
差摩比丘,8,2.3798945543419483e-05
能持,65,0.00019336643254028329
間隔,1,2.9748681929274353e-06
心出家,3,8.924604578782306e-06
伽,972,0.002891571883525467
南無佛,6,1.784920915756461e-05
舍摩,2,5.949736385854871e-06
三歸,1,2.9748681929274353e-06
迦羅,118,0.0003510344467654374
一心,32,9.519578217367793e-05
怨家,15,4.462302289391153e-05
一念,5,1.4874340964637175e-05
四沙門,1,2.9748681929274353e-06
鉢囊,17,5.0572759279766396e-05
作業,5,1.4874340964637175e-05
有教,23,6.842196843733101e-05
鉢器,1,2.9748681929274353e-06
三根,4,1.1899472771709741e-05
求生,1,2.9748681929274353e-06
覺觀,2,5.949736385854871e-06
毘舍,130,0.00038673286508056657
緣起,2,5.949736385854871e-06
迦維,21,6.247223205147615e-05
作梵,1,2.9748681929274353e-06
喜樂,17,5.0572759279766396e-05
富羅,17,5.0572759279766396e-05
一切,547,0.0016272529015313071
阿羅漢,140,0.0004164815470098409
止,629,0.0018711920933513568
三時,11,3.2723550122201785e-05
一劫,16,4.7597891086838965e-05
入佛,8,2.3798945543419483e-05
三明,2,5.949736385854871e-06
那提,9,2.6773813736346917e-05
三昧,44,0.00013089420048880714
戒,4619,0.013740916183131823
波利婆沙,12,3.569841831512922e-05
伏,54,0.00016064288241808151
去此不遠,3,8.924604578782306e-06
相輪,2,5.949736385854871e-06
三有,1,2.9748681929274353e-06
一句,10,2.974868192927435e-05
淨施,96,0.0002855873465210338
調達,3,8.924604578782306e-06
輸那,12,3.569841831512922e-05
人間,141,0.00041945641520276834
一偈,8,2.3798945543419483e-05
分別答,1,2.9748681929274353e-06
乘種,2,5.949736385854871e-06
緣者,4,1.1899472771709741e-05
摩摩帝,9,2.6773813736346917e-05
三自,5,1.4874340964637175e-05
石,257,0.0007645411255823508
椎,8,2.3798945543419483e-05
斷結,3,8.924604578782306e-06
偈,109,0.00032426063302909045
時食,27,8.032144120904076e-05
靜室,6,1.784920915756461e-05
三戒,2,5.949736385854871e-06
有漏,346,0.0010293043947528927
出家,473,0.0014071126552546768
出定,3,8.924604578782306e-06
作戒,1,2.9748681929274353e-06
淨戒,4,1.1899472771709741e-05
迦羅比丘,12,3.569841831512922e-05
檀尼迦,18,5.3547627472693834e-05
象,225,0.0006693453434086729
一向,3,8.924604578782306e-06
作意,1,2.9748681929274353e-06
三惡,28,8.329630940196818e-05
一味,2,5.949736385854871e-06
諸惡莫作,4,1.1899472771709741e-05
悔,511,0.0015201576465859194
有流,1,2.9748681929274353e-06
覺者,2,5.949736385854871e-06
尸,446,0.0013267912140456362
有法,6,1.784920915756461e-05
出塵,1,2.9748681929274353e-06
眾生,119,0.0003540093149583648
關,30,8.924604578782306e-05
退轉,3,8.924604578782306e-06
自然得,1,2.9748681929274353e-06
阿羅梨,1,2.9748681929274353e-06
人道,1,2.9748681929274353e-06
衣界,14,4.164815470098409e-05
成劫,1,2.9748681929274353e-06
頻螺,1,2.9748681929274353e-06
法食,26,7.734657301611332e-05
心極,1,2.9748681929274353e-06
調伏,34,0.00010114551855953279
與欲,70,0.00020824077350492046
欲取,31,9.22209139807505e-05
佉,64,0.00019039156434735586
稱讚,5,1.4874340964637175e-05
薩闍羅娑,1,2.9748681929274353e-06
疏,1,2.9748681929274353e-06
熱病,2,5.949736385854871e-06
離越,1,2.9748681929274353e-06
須跋,2,5.949736385854871e-06
戒和尚,4,1.1899472771709741e-05
無礙智,1,2.9748681929274353e-06
心法,1,2.9748681929274353e-06
戒羯磨,5,1.4874340964637175e-05
未來世,3,8.924604578782306e-06
鹿皮衣,2,5.949736385854871e-06
後有,19,5.652249566562127e-05
當分,1,2.9748681929274353e-06
邪見,25,7.437170482318588e-05
阿摩勒,6,1.784920915756461e-05
此岸,13,3.867328650805666e-05
臘,13,3.867328650805666e-05
舍利弗,144,0.00042838101978155067
浮囊,2,5.949736385854871e-06
萬,61,0.00018146695976857354
劫燒,1,2.9748681929274353e-06
正食,6,1.784920915756461e-05
蘇羅,9,2.6773813736346917e-05
功德衣,97,0.0002885622147139612
破僧,86,0.00025583866459175943
法成就,31,9.22209139807505e-05
菴婆羅,27,8.032144120904076e-05
牛皮,1,2.9748681929274353e-06
纏縛,3,8.924604578782306e-06
修道,2,5.949736385854871e-06
馬師,3,8.924604578782306e-06
四信,2,5.949736385854871e-06
四依,8,2.3798945543419483e-05
慧解脫,6,1.784920915756461e-05
心想,3,8.924604578782306e-06
華色,41,0.00012196959591002484
殊勝,2,5.949736385854871e-06
如意寶,6,1.784920915756461e-05
忉利,7,2.0824077350492045e-05
四事,40,0.0001189947277170974
化身,5,1.4874340964637175e-05
禪帶,5,1.4874340964637175e-05
四上,7,2.0824077350492045e-05
鈍根,2,5.949736385854871e-06
涅槃界,3,8.924604578782306e-06
生酥,18,5.3547627472693834e-05
芥子,1,2.9748681929274353e-06
理事,3,8.924604578782306e-06
十七群比丘,50,0.00014874340964637176
苦厄,2,5.949736385854871e-06
心所,5,1.4874340964637175e-05
閻浮提,46,0.00013684393687466201
酥粥,1,2.9748681929274353e-06
理佛,1,2.9748681929274353e-06
七日藥,9,2.6773813736346917e-05
華臺,2,5.949736385854871e-06
常坐,7,2.0824077350492045e-05
奉事,1,2.9748681929274353e-06
分別,16,4.7597891086838965e-05
離苦,1,2.9748681929274353e-06
道,1218,0.003623389458985616
出家阿闍梨,2,5.949736385854871e-06
妄語,97,0.0002885622147139612
義辯,1,2.9748681929274353e-06
幡蓋,10,2.974868192927435e-05
阿藍,8,2.3798945543419483e-05
增上心,1,2.9748681929274353e-06
金色,4,1.1899472771709741e-05
憍陳如,10,2.974868192927435e-05
聖行,1,2.9748681929274353e-06
塗香,1,2.9748681929274353e-06
本形,2,5.949736385854871e-06
成就,130,0.00038673286508056657
正道,12,3.569841831512922e-05
欲心,78,0.00023203971904833996
心智,3,8.924604578782306e-06
來世,5,1.4874340964637175e-05
義趣,2,5.949736385854871e-06
瓶沙王,43,0.00012791933229587972
聖諦,46,0.00013684393687466201
阿若憍陳如,9,2.6773813736346917e-05
施主,13,3.867328650805666e-05
須臾,17,5.0572759279766396e-05
那提迦葉,8,2.3798945543419483e-05
動,108,0.00032128576483616303
法集,8,2.3798945543419483e-05
修行,15,4.462302289391153e-05
定聚,1,2.9748681929274353e-06
童子,89,0.00026476326917054176
定者,2,5.949736385854871e-06
比丘,15712,0.04674112904727586
叉磨,1,2.9748681929274353e-06
法見,9,2.6773813736346917e-05
孤獨園,266,0.0007913149393186978
華鬘,23,6.842196843733101e-05
檢校,17,5.0572759279766396e-05
惡知識,7,2.0824077350492045e-05
法行,4,1.1899472771709741e-05
數,954,0.0028380242560527734
後安居,23,6.842196843733101e-05
機關,2,5.949736385854871e-06
四衢道,2,5.949736385854871e-06
橋梁,1,2.9748681929274353e-06
言便,2,5.949736385854871e-06
難陀弟子,1,2.9748681929274353e-06
壇,23,6.842196843733101e-05
釋翅,13,3.867328650805666e-05
耳識,3,8.924604578782306e-06
華香,9,2.6773813736346917e-05
法語,75,0.00022311511446955763
常住,2,5.949736385854871e-06
食欲,1,2.9748681929274353e-06
族姓子,14,4.164815470098409e-05
四句,17,5.0572759279766396e-05
願佛,31,9.22209139807505e-05
入涅槃,1,2.9748681929274353e-06
自攝,2,5.949736385854871e-06
正語,3,8.924604578782306e-06
浴室,44,0.00013089420048880714
慈地比丘,39,0.00011601985952416998
心緣,1,2.9748681929274353e-06
籌,44,0.00013089420048880714
聖道,6,1.784920915756461e-05
四分,14,4.164815470098409e-05
螺髻,9,2.6773813736346917e-05
空無相無作,1,2.9748681929274353e-06
法輪,6,1.784920915756461e-05
正行,3,8.924604578782306e-06
生身,2,5.949736385854871e-06
紺青,1,2.9748681929274353e-06
後生,5,1.4874340964637175e-05
少欲知足,363,0.001079877154032659
諂曲,4,1.1899472771709741e-05
參,6,1.784920915756461e-05
正解,1,2.9748681929274353e-06
正觀,1,2.9748681929274353e-06
草木,49,0.0001457685414534443
正覺,65,0.00019336643254028329
一觸,2,5.949736385854871e-06
正見,12,3.569841831512922e-05
耳輪,1,2.9748681929274353e-06
輪相,7,2.0824077350492045e-05
須陀,25,7.437170482318588e-05
娑伽陀,26,7.734657301611332e-05
荼,5,1.4874340964637175e-05
器量,2,5.949736385854871e-06
罪障,4,1.1899472771709741e-05
趣,64,0.00019039156434735586
油,111,0.0003302103694149453
法聲,4,1.1899472771709741e-05
當來,13,3.867328650805666e-05
還生,3,8.924604578782306e-06
衣法,25,7.437170482318588e-05
都子婆羅門村,2,5.949736385854871e-06
還相,8,2.3798945543419483e-05
生苦,2,5.949736385854871e-06
法船,1,2.9748681929274353e-06
心,1498,0.004456352553005298
堅牢,37,0.0001100701231383151
懺法,1,2.9748681929274353e-06
本二,8,2.3798945543419483e-05
識,201,0.0005979485067784144
高座,13,3.867328650805666e-05
鈴,1,2.9748681929274353e-06
左行,2,5.949736385854871e-06
信解,3,8.924604578782306e-06
前世,8,2.3798945543419483e-05
末利夫人,15,4.462302289391153e-05
本來,4,1.1899472771709741e-05
成佛,1,2.9748681929274353e-06
輪王,5,1.4874340964637175e-05
施,603,0.0017938455203352435
須達,1,2.9748681929274353e-06
心相,1,2.9748681929274353e-06
無覺無觀三昧,1,2.9748681929274353e-06
輪火,1,2.9748681929274353e-06
食時,47,0.00013981880506758947
拘那含牟尼,5,1.4874340964637175e-05
四大,17,5.0572759279766396e-05
三種淨肉,3,8.924604578782306e-06
衣樹,1,2.9748681929274353e-06
法處,2,5.949736385854871e-06
四塵,1,2.9748681929274353e-06
摩觸,2,5.949736385854871e-06
欲,2443,0.007267602995321724
能變,39,0.00011601985952416998
教語,6,1.784920915756461e-05
教誡,35,0.00010412038675246023
納衣,8,2.3798945543419483e-05
如意珠,9,2.6773813736346917e-05
來應,6,1.784920915756461e-05
四月,29,8.627117759489562e-05
食堂,9,2.6773813736346917e-05
婦人,19,5.652249566562127e-05
尼比丘,1,2.9748681929274353e-06
欲火,1,2.9748681929274353e-06
四斷,1,2.9748681929274353e-06
四方,78,0.00023203971904833996
教行,1,2.9748681929274353e-06
處中,2,5.949736385854871e-06
厭離,51,0.0001517182778392992
浴池,19,5.652249566562127e-05
苦空,1,2.9748681929274353e-06
還俗,1,2.9748681929274353e-06
鼓,20,5.94973638585487e-05
王舍,102,0.0003034365556785984
能行,10,2.974868192927435e-05
放逸,33,9.817065036660537e-05
禪人,4,1.1899472771709741e-05
欲界,1,2.9748681929274353e-06
尼師壇,23,6.842196843733101e-05
風,123,0.00036590878773007455
四持,1,2.9748681929274353e-06
菩提樹,3,8.924604578782306e-06
難提,42,0.0001249444641029523
文若草,2,5.949736385854871e-06
沙門,1012,0.0030105666112425645
阿僧祇,1,2.9748681929274353e-06
四惡,1,2.9748681929274353e-06
請僧,5,1.4874340964637175e-05
剎,38,0.00011304499133124254
食後,20,5.94973638585487e-05
口,227,0.0006752950797945278
珍寶,24,7.139683663025844e-05
心作,7,2.0824077350492045e-05
念常,1,2.9748681929274353e-06
涌出,9,2.6773813736346917e-05
敬愛,12,3.569841831512922e-05
珊瑚,3,8.924604578782306e-06
釋提桓因,21,6.247223205147615e-05
沙,2373,0.007059362221816804
細滑欲,1,2.9748681929274353e-06
色,359,0.0010679776812609492
僧,6034,0.017950354676124144
決了,5,1.4874340964637175e-05
四流,1,2.9748681929274353e-06
二解脫,1,2.9748681929274353e-06
四聖種,3,8.924604578782306e-06
四法,30,8.924604578782306e-05
尸陀林,3,8.924604578782306e-06
四波,23,6.842196843733101e-05
黑月,8,2.3798945543419483e-05
伏藏,4,1.1899472771709741e-05
沓婆摩羅子,76,0.00022608998266248508
龍,216,0.0006425715296723261
釋迦文,3,8.924604578782306e-06
四種僧,1,2.9748681929274353e-06
涅槃僧,17,5.0572759279766396e-05
教授師,14,4.164815470098409e-05
寺,105,0.0003123611602573807
首陀,3,8.924604578782306e-06
後五,1,2.9748681929274353e-06
智慧,136,0.00040458207423813117
後世,6,1.784920915756461e-05
本生經,1,2.9748681929274353e-06
自比罵,5,1.4874340964637175e-05
繫念,10,2.974868192927435e-05
淨天眼,1,2.9748681929274353e-06
字義,4,1.1899472771709741e-05
本經,1,2.9748681929274353e-06
哀愍,6,1.784920915756461e-05
七覺,3,8.924604578782306e-06
欲愛,9,2.6773813736346917e-05
輪,62,0.000184441827961501
苦業,7,2.0824077350492045e-05
破有,1,2.9748681929274353e-06
呵梨陀薑,1,2.9748681929274353e-06
四神足,1,2.9748681929274353e-06
敬禮,9,2.6773813736346917e-05
病苦,3,8.924604578782306e-06
四眾,5,1.4874340964637175e-05
塔廟,10,2.974868192927435e-05
親友,64,0.00019039156434735586
欲想,6,1.784920915756461e-05
勸化,23,6.842196843733101e-05
手印,10,2.974868192927435e-05
色身,6,1.784920915756461e-05
增益,56,0.00016659261880393636
非道,33,9.817065036660537e-05
四生,1,2.9748681929274353e-06
苦毒,3,8.924604578782306e-06
起尸鬼,1,2.9748681929274353e-06
增上慢,11,3.2723550122201785e-05
名聞,3,8.924604578782306e-06
來生,4,1.1899472771709741e-05
四王,1,2.9748681929274353e-06
提婆達多,49,0.0001457685414534443
增上果,6,1.784920915756461e-05
破戒,83,0.0002469140600129771
本有,1,2.9748681929274353e-06
釋女,1,2.9748681929274353e-06
欲有,11,3.2723550122201785e-05
結跏趺坐,4,1.1899472771709741e-05
得戒,7,2.0824077350492045e-05
陰,25,7.437170482318588e-05
常樂,2,5.949736385854871e-06
欲染,2,5.949736385854871e-06
等,1504,0.004474201762162863
護身,8,2.3798945543419483e-05
釋家,1,2.9748681929274353e-06
隨他,1,2.9748681929274353e-06
袈裟,34,0.00010114551855953279
一四句偈,1,2.9748681929274353e-06
諦,76,0.00022608998266248508
光明王,1,2.9748681929274353e-06
心念,46,0.00013684393687466201
犯重,104,0.0003093862920644533
釋子,419,0.0012464697728365953
比智,1,2.9748681929274353e-06
婬,345,0.0010263295265599652
名譽,2,5.949736385854871e-06
鸚鵡,3,8.924604578782306e-06
阿夷,12,3.569841831512922e-05
婆伽婆,111,0.0003302103694149453
苦惱,18,5.3547627472693834e-05
惡,1051,0.0031265864707667344
象力比丘,3,8.924604578782306e-06
非食,12,3.569841831512922e-05
行,3352,0.009971758182692763
鬘,29,8.627117759489562e-05
後夜,29,8.627117759489562e-05
散亂,13,3.867328650805666e-05
欲樂,5,1.4874340964637175e-05
破法,2,5.949736385854871e-06
蠶繭,3,8.924604578782306e-06
染,276,0.0008210636212479721
言教,14,4.164815470098409e-05
印,46,0.00013684393687466201
錫杖,4,1.1899472771709741e-05
光明,24,7.139683663025844e-05
色聲,3,8.924604578782306e-06
衣,3866,0.011500840433857464
地水火風,1,2.9748681929274353e-06
一白三羯磨,1,2.9748681929274353e-06
四空,1,2.9748681929274353e-06
欲法,26,7.734657301611332e-05
具足戒,501,0.001490408964656645
欲漏,2,5.949736385854871e-06
四禪,23,6.842196843733101e-05
音樂,1,2.9748681929274353e-06
堅固,15,4.462302289391153e-05
決定,23,6.842196843733101e-05
伊,32,9.519578217367793e-05
法夏,1,2.9748681929274353e-06
天帝釋,10,2.974868192927435e-05
自歸,5,1.4874340964637175e-05
自殺,14,4.164815470098409e-05
覆,895,0.0026625070326700543
定光,41,0.00012196959591002484
罪人,8,2.3798945543419483e-05
法堂,1,2.9748681929274353e-06
釋,537,0.0015975042196020328
女居士,1,2.9748681929274353e-06
正念,4,1.1899472771709741e-05
正心,1,2.9748681929274353e-06
生天,39,0.00011601985952416998
弟子,314,0.0009341086125792147
道樹,1,2.9748681929274353e-06
成道,5,1.4874340964637175e-05
鹿苑,13,3.867328650805666e-05
佛世尊,6,1.784920915756461e-05
法定,1,2.9748681929274353e-06
水天,1,2.9748681929274353e-06
水大,17,5.0572759279766396e-05
粥,80,0.0002379894554341948
裸形外道,7,2.0824077350492045e-05
光顯,5,1.4874340964637175e-05
修學,4,1.1899472771709741e-05
日天,1,2.9748681929274353e-06
右手,7,2.0824077350492045e-05
會,113,0.0003361601058008002
和合僧,52,0.00015469314603222664
水塵,1,2.9748681929274353e-06
王日,1,2.9748681929274353e-06
座,621,0.0018473931478079372
黑衣,6,1.784920915756461e-05
犯戒,348,0.0010352541311387474
天,377,0.001121525308733643
竭支,1,2.9748681929274353e-06
右旋,1,2.9748681929274353e-06
習,108,0.00032128576483616303
非時,103,0.0003064114238715258
名目,1,2.9748681929274353e-06
法將,5,1.4874340964637175e-05
結,742,0.002207352199152157
執,138,0.00041053181062398607
功德,119,0.0003540093149583648
定善,1,2.9748681929274353e-06
正定,6,1.784920915756461e-05
教法,6,1.784920915756461e-05
尼,5095,0.015156953442965282
浮陀,5,1.4874340964637175e-05
自淨,6,1.784920915756461e-05
生得,2,5.949736385854871e-06
開甘露門,2,5.949736385854871e-06
法師,6,1.784920915756461e-05
毀呰,14,4.164815470098409e-05
四聖,12,3.569841831512922e-05
默然,455,0.001353565027781983
嚴飾,4,1.1899472771709741e-05
言阿,3,8.924604578782306e-06
生像,7,2.0824077350492045e-05
鉢,996,0.0029629687201557253
法入,1,2.9748681929274353e-06
人非人,3,8.924604578782306e-06
拜懺,1,2.9748681929274353e-06
四辯,3,8.924604578782306e-06
功力,1,2.9748681929274353e-06
化作,24,7.139683663025844e-05
馬麥,2,5.949736385854871e-06
父母,166,0.0004938281200259542
四車,1,2.9748681929274353e-06
辟支,3,8.924604578782306e-06
教授,250,0.0007437170482318588
奇特,20,5.94973638585487e-05
化人,1,2.9748681929274353e-06
法僧,122,0.00036293391953714707
非時食,13,3.867328650805666e-05
正命,8,2.3798945543419483e-05
色相,1,2.9748681929274353e-06
信心,15,4.462302289391153e-05
僧會,1,2.9748681929274353e-06
奉行,14,4.164815470098409e-05
信後,1,2.9748681929274353e-06
自性,2,5.949736385854871e-06
日光,1,2.9748681929274353e-06
自恣,634,0.001886066434315994
聖主,5,1.4874340964637175e-05
法乳,2,5.949736385854871e-06
論,89,0.00026476326917054176
毒蛇,25,7.437170482318588e-05
非滅,2,5.949736385854871e-06
阿闍世,36,0.00010709525494538767
正勤,2,5.949736385854871e-06
破魔,1,2.9748681929274353e-06
無明漏,2,5.949736385854871e-06
觸欲,4,1.1899472771709741e-05
樹王,2,5.949736385854871e-06
掃地,14,4.164815470098409e-05
四諍,1,2.9748681929274353e-06
法名,13,3.867328650805666e-05
四諦,2,5.949736385854871e-06
王法,1,2.9748681929274353e-06
陀羅,38,0.00011304499133124254
水囊,4,1.1899472771709741e-05
幢,11,3.2723550122201785e-05
見聞疑,49,0.0001457685414534443
正受,20,5.94973638585487e-05
修善,8,2.3798945543419483e-05
觸樂,38,0.00011304499133124254
水器,41,0.00012196959591002484
比丘尼,3473,0.010331717234036983
索,210,0.0006247223205147614
闍世,36,0.00010709525494538767
四見,1,2.9748681929274353e-06
奇異,4,1.1899472771709741e-05
石蜜漿,2,5.949736385854871e-06
說戒日,56,0.00016659261880393636
仙人鹿野苑,1,2.9748681929274353e-06
七條,1,2.9748681929274353e-06
比那,1,2.9748681929274353e-06
來迎,2,5.949736385854871e-06
毒藥,1,2.9748681929274353e-06
螺髻梵,5,1.4874340964637175e-05
迦葉佛,9,2.6773813736346917e-05
教於,1,2.9748681929274353e-06
定心,17,5.0572759279766396e-05
名籍,1,2.9748681929274353e-06
苦際,11,3.2723550122201785e-05
迦毘羅衛,1,2.9748681929274353e-06
苦集,13,3.867328650805666e-05
化城,1,2.9748681929274353e-06
瞿師羅,13,3.867328650805666e-05
牧牛,13,3.867328650805666e-05
義利,1,2.9748681929274353e-06
溫室,16,4.7597891086838965e-05
正使,20,5.94973638585487e-05
金師,1,2.9748681929274353e-06
如如,1,2.9748681929274353e-06
漏盡智,3,8.924604578782306e-06
耶,805,0.002394768895306585
四障,1,2.9748681929274353e-06
須彌,2,5.949736385854871e-06
鹿野,4,1.1899472771709741e-05
苦行,3,8.924604578782306e-06
常身,1,2.9748681929274353e-06
毘琉璃,2,5.949736385854871e-06
佛法僧,89,0.00026476326917054176
記別,2,5.949736385854871e-06
和尚,306,0.0009103096670357952
亂心,9,2.6773813736346917e-05
十惡業,1,2.9748681929274353e-06
閻浮樹,1,2.9748681929274353e-06
神通力,2,5.949736385854871e-06
金山,1,2.9748681929274353e-06
清淨人,14,4.164815470098409e-05
七生,2,5.949736385854871e-06
能破,8,2.3798945543419483e-05
苦諦,1,2.9748681929274353e-06
波斯匿,56,0.00016659261880393636
現身說法,2,5.949736385854871e-06
言說,20,5.94973638585487e-05
四上座,7,2.0824077350492045e-05
丘慈,4,1.1899472771709741e-05
肉食,6,1.784920915756461e-05
音聲,37,0.0001100701231383151
護法,1,2.9748681929274353e-06
毒龍,14,4.164815470098409e-05
水乳,17,5.0572759279766396e-05
苦輪,1,2.9748681929274353e-06
四重,8,2.3798945543419483e-05
言行,3,8.924604578782306e-06
心欲,2,5.949736385854871e-06
居士,801,0.0023828694225348757
法住,10,2.974868192927435e-05
伽樓羅,1,2.9748681929274353e-06
義味,3,8.924604578782306e-06
飲食供養,17,5.0572759279766396e-05
法主,3,8.924604578782306e-06
邪婬,3,8.924604578782306e-06
離奢,51,0.0001517182778392992
聞法,36,0.00010709525494538767
樹根,8,2.3798945543419483e-05
四道,1,2.9748681929274353e-06
法事,12,3.569841831512922e-05
生佛,17,5.0572759279766396e-05
西,24,7.139683663025844e-05
鐵鉢,8,2.3798945543419483e-05
彈指頃,3,8.924604578782306e-06
釋梵,5,1.4874340964637175e-05
聞持,1,2.9748681929274353e-06
邪命,26,7.734657301611332e-05
縵衣,2,5.949736385854871e-06
離垢,11,3.2723550122201785e-05
五過,16,4.7597891086838965e-05
賴吒,6,1.784920915756461e-05
處,2880,0.008567620395631014
黑闇,5,1.4874340964637175e-05
自然,19,5.652249566562127e-05
自煮,19,5.652249566562127e-05
牛,144,0.00042838101978155067
聞慧,1,2.9748681929274353e-06
曼陀,10,2.974868192927435e-05
色有,2,5.949736385854871e-06
慧,251,0.0007466919164247863
苦,336,0.0009995557128236183
露,376,0.0011185504405407157
僧竭支,1,2.9748681929274353e-06
六群比丘,966,0.0028737226743679022
自知,47,0.00013981880506758947
跋,335,0.0009965808446306909
恩愛,2,5.949736385854871e-06
稱名,5,1.4874340964637175e-05
金剛,1,2.9748681929274353e-06
自相,52,0.00015469314603222664
破見,68,0.00020229103711906558
黑鉢,5,1.4874340964637175e-05
四馬,1,2.9748681929274353e-06
畫水,5,1.4874340964637175e-05
二罪,18,5.3547627472693834e-05
種性,1,2.9748681929274353e-06
塚,47,0.00013981880506758947
日種,1,2.9748681929274353e-06
化樂天,2,5.949736385854871e-06
外道六師,1,2.9748681929274353e-06
僧界,3,8.924604578782306e-06
輪轉,4,1.1899472771709741e-05
名利,3,8.924604578782306e-06
兄弟,21,6.247223205147615e-05
蓮,62,0.000184441827961501
髑髏,1,2.9748681929274353e-06
隨順,471,0.001401162918868822
練若,10,2.974868192927435e-05
畫像,5,1.4874340964637175e-05
化教,2,5.949736385854871e-06
名僧,1,2.9748681929274353e-06
色心,1,2.9748681929274353e-06
釋迦,6,1.784920915756461e-05
訶,102,0.0003034365556785984
胡跪,19,5.652249566562127e-05
弓,18,5.3547627472693834e-05
瞻婆城,14,4.164815470098409e-05
珠,119,0.0003540093149583648
歸依,81,0.00024096432362712226
聖智,4,1.1899472771709741e-05
受經阿闍梨,2,5.949736385854871e-06
教令,38,0.00011304499133124254
白一羯磨,30,8.924604578782306e-05
和合眾,40,0.0001189947277170974
教一,1,2.9748681929274353e-06
奢彌,2,5.949736385854871e-06
生經,2,5.949736385854871e-06
能人,3,8.924604578782306e-06
離欲,16,4.7597891086838965e-05
優陀延王,7,2.0824077350492045e-05
勒叉,2,5.949736385854871e-06
華水,1,2.9748681929274353e-06
護念,5,1.4874340964637175e-05
尼薩耆波逸提,161,0.0004789537790613171
法義,2,5.949736385854871e-06
衣鉢,145,0.0004313558879744781
水精,4,1.1899472771709741e-05
第四禪,15,4.462302289391153e-05
石鉢,3,8.924604578782306e-06
修羅,39,0.00011601985952416998
須提那,13,3.867328650805666e-05
受,2784,0.00828203304910998
填王,3,8.924604578782306e-06
法然,4,1.1899472771709741e-05
勸請,2,5.949736385854871e-06
七七,2,5.949736385854871e-06
金杖,4,1.1899472771709741e-05
剝皮,1,2.9748681929274353e-06
闍梨,165,0.0004908532518330268
名字,17,5.0572759279766396e-05
拜,63,0.0001874166961544284
二種清淨,1,2.9748681929274353e-06
王舍城,102,0.0003034365556785984
後說,8,2.3798945543419483e-05
滅,566,0.0016837753971969283
聖法,8,2.3798945543419483e-05
隨逐,18,5.3547627472693834e-05
夢,65,0.00019336643254028329
闍樓,2,5.949736385854871e-06
阿闍梨,165,0.0004908532518330268
藍婆,1,2.9748681929274353e-06
檀,323,0.0009608824263155616
法王,8,2.3798945543419483e-05
花,79,0.00023501458724126738
無礙解,7,2.0824077350492045e-05
剎帝利,2,5.949736385854871e-06
非人,95,0.00028261247832810636
祇洹精舍,2,5.949736385854871e-06
摩醯首羅,5,1.4874340964637175e-05
沙彌,925,0.0027517530784578774
拘物頭,1,2.9748681929274353e-06
後身,1,2.9748681929274353e-06
生生,7,2.0824077350492045e-05
色光,3,8.924604578782306e-06
第一寂滅,1,2.9748681929274353e-06
生田,1,2.9748681929274353e-06
法眼,53,0.00015766801422515406
法眾,12,3.569841831512922e-05
悟,18,5.3547627472693834e-05
偏袒右肩,4,1.1899472771709741e-05
三百由旬,1,2.9748681929274353e-06
石魚,2,5.949736385854871e-06
生相,1,2.9748681929274353e-06
偏袒,4,1.1899472771709741e-05
世,3476,0.010340641838615765
獨園,266,0.0007913149393186978
舉,735,0.0021865281218016648
法相,26,7.734657301611332e-05
雪山,10,2.974868192927435e-05
眷屬,9,2.6773813736346917e-05
發意,6,1.784920915756461e-05
信施,28,8.329630940196818e-05
觸因,2,5.949736385854871e-06
定慧,2,5.949736385854871e-06
定意,5,1.4874340964637175e-05
優鉢羅,5,1.4874340964637175e-05
四修,1,2.9748681929274353e-06
焰,5,1.4874340964637175e-05
無欲仙人,1,2.9748681929274353e-06
方等經,2,5.949736385854871e-06
譏嫌,186,0.0005533254838845029
正法,717,0.002132980494328971
勸進,1,2.9748681929274353e-06
十三難,4,1.1899472771709741e-05
虎,27,8.032144120904076e-05
和南,1,2.9748681929274353e-06
錫,28,8.329630940196818e-05
金粟,13,3.867328650805666e-05
生死,18,5.3547627472693834e-05
善來比丘,3,8.924604578782306e-06
生法,3,8.924604578782306e-06
琉璃,34,0.00010114551855953279
神,316,0.0009400583489650695
能忍,13,3.867328650805666e-05
法流,2,5.949736385854871e-06
蘭若,136,0.00040458207423813117
失守摩羅,3,8.924604578782306e-06
愛樂,5,1.4874340964637175e-05
誓,7,2.0824077350492045e-05
阿夷羅跋提,2,5.949736385854871e-06
見諦,1,2.9748681929274353e-06
罪福,1,2.9748681929274353e-06
定智,2,5.949736385854871e-06
同學,5,1.4874340964637175e-05
觸入,2,5.949736385854871e-06
斷畜生命,4,1.1899472771709741e-05
隨轉,6,1.784920915756461e-05
散花,3,8.924604578782306e-06
四方僧物,3,8.924604578782306e-06
寺中,7,2.0824077350492045e-05
納得,2,5.949736385854871e-06
信戒,1,2.9748681929274353e-06
水波,1,2.9748681929274353e-06
梨耶,1,2.9748681929274353e-06
法滅,32,9.519578217367793e-05
現在世,1,2.9748681929274353e-06
能化,2,5.949736385854871e-06
抖擻,32,9.519578217367793e-05
寂,50,0.00014874340964637176
夏安居,91,0.0002707130055563966
法應,133,0.0003956574696593489
定業,1,2.9748681929274353e-06
四天王,15,4.462302289391153e-05
如意足,1,2.9748681929274353e-06
和眾,1,2.9748681929274353e-06
法想,9,2.6773813736346917e-05
教化,43,0.00012791933229587972
緣事,13,3.867328650805666e-05
橋,11,3.2723550122201785e-05
摩頭鳩羅,4,1.1899472771709741e-05
命難,109,0.00032426063302909045
水想,3,8.924604578782306e-06
迦陵伽,2,5.949736385854871e-06
劫貝,17,5.0572759279766396e-05
名便,1,2.9748681929274353e-06
法教,22,6.544710024440357e-05
法施,11,3.2723550122201785e-05
非常,3,8.924604578782306e-06
他化自在天,2,5.949736385854871e-06
自在天,3,8.924604578782306e-06
非得,1,2.9748681929274353e-06
覆鉢,37,0.0001100701231383151
七寶,28,8.329630940196818e-05
增上,38,0.00011304499133124254
法本,2,5.949736385854871e-06
法服,4,1.1899472771709741e-05
法有,7,2.0824077350492045e-05
即是,40,0.0001189947277170974
華瓶,1,2.9748681929274353e-06
集解,3,8.924604578782306e-06
法智,1,2.9748681929274353e-06
信樂,137,0.00040755694243105865
正意,6,1.784920915756461e-05
七大,1,2.9748681929274353e-06
道理,3,8.924604578782306e-06
演說,1,2.9748681929274353e-06
生有,8,2.3798945543419483e-05
聖種,3,8.924604578782306e-06
駄,1,2.9748681929274353e-06
金毘羅,4,1.1899472771709741e-05
句偈,1,2.9748681929274353e-06
獵師,5,1.4874340964637175e-05
舌識,1,2.9748681929274353e-06
精進,55,0.00016361775061100894
染污,82,0.00024393919182004968
住心,2,5.949736385854871e-06
經,309,0.0009192342716145775
拘睒彌國,16,4.7597891086838965e-05
魔女,2,5.949736385854871e-06
四比丘,4,1.1899472771709741e-05
聖,112,0.0003331852376078727
尸城,5,1.4874340964637175e-05
獼猴,46,0.00013684393687466201
輕慢,4,1.1899472771709741e-05
由旬,59,0.0001755172233827187
相看,7,2.0824077350492045e-05
無想定,7,2.0824077350492045e-05
重,482,0.0014338864689910239
受喜,1,2.9748681929274353e-06
二攝,1,2.9748681929274353e-06
偷盜,5,1.4874340964637175e-05
支陀,2,5.949736385854871e-06
利根,5,1.4874340964637175e-05
目連,187,0.0005563003520774304
人法,98,0.0002915370829068886
句句,3,8.924604578782306e-06
大,3015,0.008969227601676217
繩床,105,0.0003123611602573807
半跏趺,1,2.9748681929274353e-06
香水,2,5.949736385854871e-06
異部,3,8.924604578782306e-06
左,89,0.00026476326917054176
四種廣說,1,2.9748681929274353e-06
時,7834,0.02330511742339353
園觀,5,1.4874340964637175e-05
不退轉,1,2.9748681929274353e-06
般涅槃,9,2.6773813736346917e-05
受別,6,1.784920915756461e-05
眼識,4,1.1899472771709741e-05
諸法,20,5.94973638585487e-05
世間解,10,2.974868192927435e-05
禪,128,0.0003807831286947117
受具,272,0.0008091641484762623
賓頭盧,14,4.164815470098409e-05
瞋,177,0.000526551670148156
三馬,2,5.949736385854871e-06
泥犁,10,2.974868192927435e-05
住地,1,2.9748681929274353e-06
三難,4,1.1899472771709741e-05
智人,15,4.462302289391153e-05
乃往,14,4.164815470098409e-05
人有,39,0.00011601985952416998
眾苦,12,3.569841831512922e-05
依止阿闍梨,3,8.924604578782306e-06
寂靜,21,6.247223205147615e-05
薄福,2,5.949736385854871e-06
薩羅國,45,0.0001338690686817346
初夜,25,7.437170482318588e-05
有餘,127,0.00037780826050178425
螺髻梵志,5,1.4874340964637175e-05
搩手,31,9.22209139807505e-05
四波羅夷,21,6.247223205147615e-05
緣相,5,1.4874340964637175e-05
果證,24,7.139683663025844e-05
中安居,17,5.0572759279766396e-05
羯磨,2100,0.006247223205147614
人我,1,2.9748681929274353e-06
諸有,5,1.4874340964637175e-05
攝持,12,3.569841831512922e-05
增長,54,0.00016064288241808151
欽婆羅,9,2.6773813736346917e-05
入聖,2,5.949736385854871e-06
右膝著地,148,0.0004402804925532604
酪,51,0.0001517182778392992
迦葉,243,0.0007228929708813668
三過,2,5.949736385854871e-06
念佛,1,2.9748681929274353e-06
鴦伽,3,8.924604578782306e-06
多羅葉,1,2.9748681929274353e-06
本心,1,2.9748681929274353e-06
瞿曇,113,0.0003361601058008002
住僧,1,2.9748681929274353e-06
齋,43,0.00012791933229587972
緣生,4,1.1899472771709741e-05
迦藍,8,2.3798945543419483e-05
旃檀,6,1.784920915756461e-05
三車,1,2.9748681929274353e-06
沓婆摩羅,76,0.00022608998266248508
念,1206,0.003587691040670487
耆闍崛,53,0.00015766801422515406
闡陀,100,0.00029748681929274353
阿毘曇,22,6.544710024440357e-05
緣正,3,8.924604578782306e-06
三轉,3,8.924604578782306e-06
有色,3,8.924604578782306e-06
三羯磨,54,0.00016064288241808151
毘摩,1,2.9748681929274353e-06
袈裟味,1,2.9748681929274353e-06
醫方,1,2.9748681929274353e-06
執事,18,5.3547627472693834e-05
精舍,45,0.0001338690686817346
龍王,82,0.00024393919182004968
質多,15,4.462302289391153e-05
龍牙,26,7.734657301611332e-05
毘曇,22,6.544710024440357e-05
時眾,55,0.00016361775061100894
聲入,2,5.949736385854871e-06
三語,25,7.437170482318588e-05
持誦,2,5.949736385854871e-06
相承,1,2.9748681929274353e-06
開化,26,7.734657301611332e-05
丸香,3,8.924604578782306e-06
三識,2,5.949736385854871e-06
得度,16,4.7597891086838965e-05
八龍王,2,5.949736385854871e-06
阿羅波遮那,1,2.9748681929274353e-06
慈心,39,0.00011601985952416998
發心,5,1.4874340964637175e-05
襪,1,2.9748681929274353e-06
淨觀,5,1.4874340964637175e-05
三行,4,1.1899472771709741e-05
三衣,107,0.00031831089664323555
生老病死苦,2,5.949736385854871e-06
臥具,325,0.0009668321627014164
相應,29,8.627117759489562e-05
雁,5,1.4874340964637175e-05
瓶水,6,1.784920915756461e-05
淨衣,14,4.164815470098409e-05
愛惜,5,1.4874340964637175e-05
舍樓伽,2,5.949736385854871e-06
漏盡意解,1,2.9748681929274353e-06
龍神,1,2.9748681929274353e-06
權,2,5.949736385854871e-06
拘睒彌主,7,2.0824077350492045e-05
到彼岸,2,5.949736385854871e-06
有識,4,1.1899472771709741e-05
人相,6,1.784920915756461e-05
一搩手半,2,5.949736385854871e-06
婆裘河,9,2.6773813736346917e-05
樓陀,5,1.4874340964637175e-05
舍衛,467,0.0013892634460971123
畢陵,30,8.924604578782306e-05
利劍,1,2.9748681929274353e-06
有見,12,3.569841831512922e-05
得入,12,3.569841831512922e-05
無數劫,3,8.924604578782306e-06
人生,12,3.569841831512922e-05
戒定慧,2,5.949736385854871e-06
三藏,2,5.949736385854871e-06
那耶,1,2.9748681929274353e-06
堂上,10,2.974868192927435e-05
阿那般那,10,2.974868192927435e-05
諸相,2,5.949736385854871e-06
迦陵,2,5.949736385854871e-06
四如意足,1,2.9748681929274353e-06
老婆,1,2.9748681929274353e-06
邊見,3,8.924604578782306e-06
三舉,6,1.784920915756461e-05
有輪,1,2.9748681929274353e-06
畢陵伽婆蹉,29,8.627117759489562e-05
作舉,77,0.0002290648508554125
境界,1,2.9748681929274353e-06
偈讚,3,8.924604578782306e-06
有身,9,2.6773813736346917e-05
老宿,1,2.9748681929274353e-06
定光佛,3,8.924604578782306e-06
胞胎,2,5.949736385854871e-06
異見,7,2.0824077350492045e-05
一道,13,3.867328650805666e-05
利益,90,0.0002677381373634692
利生,1,2.9748681929274353e-06
覺悟,13,3.867328650805666e-05
三聚,1,2.9748681929274353e-06
異論,2,5.949736385854871e-06
遍處,4,1.1899472771709741e-05
作者,45,0.0001338690686817346
啟白,1,2.9748681929274353e-06
淨肉,6,1.784920915756461e-05
四念處,2,5.949736385854871e-06
有貪,2,5.949736385854871e-06
有財,7,2.0824077350492045e-05
不淨觀,4,1.1899472771709741e-05
十過,5,1.4874340964637175e-05
紫磨,1,2.9748681929274353e-06
制戒,463,0.0013773639733254024
不淨行,100,0.00029748681929274353
譬喻,6,1.784920915756461e-05
人乘,1,2.9748681929274353e-06
大善利,1,2.9748681929274353e-06
家家,17,5.0572759279766396e-05
義,806,0.0023977437634995127
疑根,7,2.0824077350492045e-05
牟尼,7,2.0824077350492045e-05
怨賊,2,5.949736385854871e-06
魔軍,1,2.9748681929274353e-06
勤求,4,1.1899472771709741e-05
現世利益,2,5.949736385854871e-06
旃延,24,7.139683663025844e-05
俱生,1,2.9748681929274353e-06
垢,134,0.0003986323378522763
一身,5,1.4874340964637175e-05
葉蓋,2,5.949736385854871e-06
魔,50,0.00014874340964637176
利人,1,2.9748681929274353e-06
經行,95,0.00028261247832810636
僧伽婆尸沙,318,0.0009460080853509244
愧,563,0.0016748507926181461
塔,261,0.0007764405983540606
入,972,0.002891571883525467
皮革犍度,1,2.9748681929274353e-06
家常,4,1.1899472771709741e-05
出胎,1,2.9748681929274353e-06
亡者,2,5.949736385854871e-06
入道,12,3.569841831512922e-05
被,270,0.0008032144120904075
迦摩羅,3,8.924604578782306e-06
一色,1,2.9748681929274353e-06
尸羅,9,2.6773813736346917e-05
命者,5,1.4874340964637175e-05
不淨肉,2,5.949736385854871e-06
慈悲,1,2.9748681929274353e-06
相待,9,2.6773813736346917e-05
未來,33,9.817065036660537e-05
接足作禮,2,5.949736385854871e-06
毘尼,483,0.0014368613371839511
饒益,2,5.949736385854871e-06
灑,46,0.00013684393687466201
疑惑,3,8.924604578782306e-06
二法,91,0.0002707130055563966
疑悔,9,2.6773813736346917e-05
月,346,0.0010293043947528927
三十二相,2,5.949736385854871e-06
尼犍,9,2.6773813736346917e-05
定,243,0.0007228929708813668
從僧,216,0.0006425715296723261
婆羅門,329,0.0009787316354731262
得果,24,7.139683663025844e-05
如意寶珠,6,1.784920915756461e-05
兩翅,2,5.949736385854871e-06
沙門果,3,8.924604578782306e-06
式叉,412,0.0012256456954861032
拘留孫佛,3,8.924604578782306e-06
慳,11,3.2723550122201785e-05
紫磨金,1,2.9748681929274353e-06
六十二見,2,5.949736385854871e-06
出見,2,5.949736385854871e-06
出要,13,3.867328650805666e-05
律,292,0.000868661512334811
相好,3,8.924604578782306e-06
解脫味,1,2.9748681929274353e-06
句義,353,0.0010501284721033846
桓因,21,6.247223205147615e-05
無住處村,8,2.3798945543419483e-05
瞿夷,2,5.949736385854871e-06
漏縛,1,2.9748681929274353e-06
犬,1,2.9748681929274353e-06
成等正覺,1,2.9748681929274353e-06
轉法輪,2,5.949736385854871e-06
因緣,981,0.002918345697261814
非時藥,6,1.784920915756461e-05
人師,14,4.164815470098409e-05
出離,53,0.00015766801422515406
諸塵,27,8.032144120904076e-05
攝心,1,2.9748681929274353e-06
一食,31,9.22209139807505e-05
改悔,9,2.6773813736346917e-05
虛言,4,1.1899472771709741e-05
公,3,8.924604578782306e-06
諸天,45,0.0001338690686817346
死,379,0.001127475045119498
伽耶山,7,2.0824077350492045e-05
一麥,1,2.9748681929274353e-06
受持,73,0.00021716537808370276
阿修羅宮,3,8.924604578782306e-06
旃陀羅,9,2.6773813736346917e-05
四大天王,1,2.9748681929274353e-06
得繩,1,2.9748681929274353e-06
受戒,182,0.0005414260111127932
調御,11,3.2723550122201785e-05
質多羅,15,4.462302289391153e-05
時分,3,8.924604578782306e-06
人天,2,5.949736385854871e-06
受想行識,5,1.4874340964637175e-05
縛,63,0.0001874166961544284
法句經,1,2.9748681929274353e-06
諸尊,14,4.164815470098409e-05
通,93,0.00027666274194225145
受想,7,2.0824077350492045e-05
出道,1,2.9748681929274353e-06
瞿師,13,3.867328650805666e-05
滿願,1,2.9748681929274353e-06
呵責,1066,0.003171209493660646
大沙門,104,0.0003093862920644533
畜生,108,0.00032128576483616303
龍女,21,6.247223205147615e-05
人執,3,8.924604578782306e-06
讚頭,1,2.9748681929274353e-06
優曇鉢,1,2.9748681929274353e-06
漏盡,12,3.569841831512922e-05
犍度,13,3.867328650805666e-05
摩竭提,5,1.4874340964637175e-05
破和合僧,26,7.734657301611332e-05
人因,3,8.924604578782306e-06
五種阿闍梨,1,2.9748681929274353e-06
睡眠,21,6.247223205147615e-05
相似,43,0.00012791933229587972
龍子,4,1.1899472771709741e-05
辟支佛,3,8.924604578782306e-06
一遍,1,2.9748681929274353e-06
由延,2,5.949736385854871e-06
龍宮,1,2.9748681929274353e-06
受法,7,2.0824077350492045e-05
泥丸,1,2.9748681929274353e-06
尼戒,21,6.247223205147615e-05
悉達多,1,2.9748681929274353e-06
迦蘭陀,22,6.544710024440357e-05
恨,26,7.734657301611332e-05
障,169,0.0005027527246047365
半果,4,1.1899472771709741e-05
受欲,19,5.652249566562127e-05
一門,6,1.784920915756461e-05
犢子,6,1.784920915756461e-05
勝者,4,1.1899472771709741e-05
一面,421,0.0012524195092224503
雞園,1,2.9748681929274353e-06
伽耶迦葉,5,1.4874340964637175e-05
師,403,0.0011988718817497563
攝取,27,8.032144120904076e-05
摩訶拘絺羅,1,2.9748681929274353e-06
執持,15,4.462302289391153e-05
忉利天,4,1.1899472771709741e-05
