word,num,freq
僧,2773,0.02362256726
法,2597,0.02212326259
得,2492,0.02122879106
人,2449,0.02086248367
有,2148,0.01829833194
無,1873,0.0159556684
受,1739,0.01481415235
戒,1719,0.01464377682
如,1690,0.0143967323
衣,1580,0.01345966688
十,1335,0.01137256664
食,1172,0.009984006067
比丘,1159,0.009873261972
心,1120,0.009541029688
應,1089,0.009276947617
處,1037,0.008833971238
自,1009,0.008595445496
大,1002,0.008535814061
行,989,0.008425069966
相,986,0.008399513636
時,940,0.008007649917
等,929,0.007913943376
佛,921,0.007845793163
明,898,0.007649861304
事,881,0.007505042103
知,862,0.00734318535
眾,820,0.006985396736
多,811,0.006908727748
律,771,0.006567976687
生,768,0.006542420358
緣,745,0.006346488498
重,714,0.006082406426
界,711,0.006056850097
名,651,0.005545723506
尼,624,0.005315716541
入,609,0.005187934893
見,607,0.00517089734
論,589,0.005017559363
善,573,0.004881258939
誦,570,0.004855702609
道,562,0.004787552397
取,520,0.004429763784
我,509,0.004336057242
欲,486,0.004140125383
施,484,0.00412308783
僧祇,483,0.004114569053
四分,472,0.004020862512
羅,456,0.003884562087
依,454,0.003867524534
著,449,0.003824930652
結,445,0.003790855546
捨,444,0.003782336769
教,443,0.003773817993
地,432,0.003680111451
通,432,0.003680111451
經,420,0.003577886133
羯磨,409,0.003484179592
即,388,0.003305285285
解,380,0.003237135073
乃至,379,0.003228616296
惡,379,0.003228616296
師,374,0.003186022414
坐,364,0.003100834649
一切,357,0.003041203213
難,350,0.002981571778
座,347,0.002956015448
鉢,331,0.002819715024
沙,322,0.002743046035
意,314,0.002674895823
懺,303,0.002581189282
覆,290,0.002470445187
義,285,0.002427851305
五分,282,0.002402294975
使,277,0.002359701093
止,276,0.002351182316
數,266,0.002265994551
量,262,0.002231919445
吉羅,258,0.002197844339
口,258,0.002197844339
世,257,0.002189325562
大德,254,0.002163769233
念,252,0.00214673168
如是,251,0.002138212903
因,244,0.002078581468
學,238,0.002027468809
定,230,0.001959318597
死,229,0.00195079982
沙彌,220,0.001874130832
月,220,0.001874130832
門,219,0.001865612055
業,215,0.001831536949
藏,215,0.001831536949
房,212,0.00180598062
境,209,0.00178042429
寶,208,0.001771905514
上座,203,0.001729311631
色,201,0.001712274078
寺,201,0.001712274078
根,197,0.001678198972
舉,197,0.001678198972
果,196,0.001669680195
悔,196,0.001669680195
想,193,0.001644123866
婆,189,0.00161004876
唯,187,0.001593011207
出家,184,0.001567454877
識,182,0.001550417324
蘭,177,0.001507823442
器,177,0.001507823442
聖,177,0.001507823442
忍,175,0.001490785889
理,173,0.001473748336
染,172,0.001465229559
和尚,170,0.001448192006
塔,170,0.001448192006
體,168,0.001431154453
自恣,168,0.001431154453
伽,167,0.001422635677
滅,167,0.001422635677
說戒,164,0.001397079347
觸,164,0.001397079347
疑,161,0.001371523018
淨人,159,0.001354485465
夏,158,0.001345966688
信,158,0.001345966688
如法,158,0.001345966688
清淨,155,0.001320410359
命,151,0.001286335253
智,147,0.001252260147
轉,144,0.001226703817
句,142,0.001209666264
三衣,142,0.001209666264
安居,140,0.001192628711
佛法,140,0.001192628711
不淨,140,0.001192628711
樂,139,0.001184109935
弟子,135,0.001150034829
露,133,0.001132997276
威儀,132,0.001124478499
供養,132,0.001124478499
受戒,131,0.001115959722
實,130,0.001107440946
毘尼,130,0.001107440946
方便,129,0.001098922169
訶,129,0.001098922169
臥,127,0.001081884616
苦,125,0.001064847063
作法,123,0.00104780951
殺,120,0.001022253181
品,119,0.001013734404
觀,118,0.001005215628
度,118,0.001005215628
天,117,0.0009966968514
約,115,0.0009796592984
被,112,0.0009541029688
白衣,111,0.0009455841923
多論,111,0.0009455841923
阿,109,0.0009285466393
偷蘭,108,0.0009200278628
指,107,0.0009115090863
一一,107,0.0009115090863
心念,107,0.0009115090863
僧殘,106,0.0009029903098
眾僧,104,0.0008859527568
眾生,104,0.0008859527568
願,101,0.0008603964273
力,100,0.0008518776508
說法,98,0.0008348400977
香,97,0.0008263213212
貪,96,0.0008178025447
衣鉢,96,0.0008178025447
角,95,0.0008092837682
二明,95,0.0008092837682
華,94,0.0008007649917
空,94,0.0008007649917
石,94,0.0008007649917
俗人,93,0.0007922462152
涅槃,93,0.0007922462152
功德,92,0.0007837274387
施主,90,0.0007666898857
障,90,0.0007666898857
那,87,0.0007411335562
聲,86,0.0007326147797
非時,85,0.0007240960031
五百問,84,0.0007155772266
受持,83,0.0007070584501
持戒,82,0.0006985396736
說淨,82,0.0006985396736
懺悔,80,0.0006815021206
中有,80,0.0006815021206
性,79,0.0006729833441
布薩,79,0.0006729833441
惱,79,0.0006729833441
犯重,79,0.0006729833441
依止,78,0.0006644645676
蟲,78,0.0006644645676
乘,77,0.0006559457911
破戒,77,0.0006559457911
父,76,0.0006474270146
界內,76,0.0006474270146
檀,76,0.0006474270146
明相,75,0.0006389082381
外道,75,0.0006389082381
檀越,74,0.0006303894616
別眾,74,0.0006303894616
三寶,74,0.0006303894616
明了,73,0.0006218706851
梵,73,0.0006218706851
憶,73,0.0006218706851
慈,72,0.0006133519085
受者,72,0.0006133519085
疏,72,0.0006133519085
索,72,0.0006133519085
受具,72,0.0006133519085
酒,71,0.000604833132
因緣,71,0.000604833132
女人,70,0.0005963143555
單,69,0.000587795579
一心,68,0.0005792768025
籌,68,0.0005792768025
默然,67,0.000570758026
行者,66,0.0005622392495
大界,66,0.0005622392495
十六,66,0.0005622392495
證,66,0.0005622392495
了論,66,0.0005622392495
思,65,0.000553720473
僧伽,64,0.0005452016965
如來,64,0.0005452016965
正法,64,0.0005452016965
執,63,0.00053668292
禪,63,0.00053668292
耶,62,0.0005281641435
五緣,61,0.000519645367
僧物,61,0.000519645367
眼,61,0.000519645367
明了論,61,0.000519645367
得戒,61,0.000519645367
父母,61,0.000519645367
一日,60,0.0005111265905
會,60,0.0005111265905
臥具,60,0.0005111265905
塵,59,0.0005026078139
字,59,0.0005026078139
動,59,0.0005026078139
自然,58,0.0004940890374
捨墮,57,0.0004855702609
無作,57,0.0004855702609
波羅夷,57,0.0004855702609
具足,57,0.0004855702609
五眾,55,0.0004685327079
愛,55,0.0004685327079
乞食,55,0.0004685327079
油,55,0.0004685327079
讚,54,0.0004600139314
慢,54,0.0004600139314
化,54,0.0004600139314
分別,54,0.0004600139314
闍梨,54,0.0004600139314
神,54,0.0004600139314
覺,53,0.0004514951549
受食,53,0.0004514951549
淨地,53,0.0004514951549
成就,53,0.0004514951549
趣,53,0.0004514951549
牛,53,0.0004514951549
長老,52,0.0004429763784
戒場,52,0.0004429763784
界外,51,0.0004344576019
一時,51,0.0004344576019
伏,51,0.0004344576019
四方,51,0.0004344576019
沙門,51,0.0004344576019
記,50,0.0004259388254
慧,50,0.0004259388254
米,49,0.0004174200489
眠,49,0.0004174200489
教授,49,0.0004174200489
法僧,49,0.0004174200489
南,48,0.0004089012724
現前,48,0.0004089012724
突吉羅,48,0.0004089012724
釋,48,0.0004089012724
風,47,0.0004003824959
法事,47,0.0004003824959
僧事,46,0.0003918637193
西,46,0.0003918637193
迦,45,0.0003833449428
假,45,0.0003833449428
發露,45,0.0003833449428
戒本,45,0.0003833449428
袈裟,45,0.0003833449428
四緣,45,0.0003833449428
非人,45,0.0003833449428
蘭若,45,0.0003833449428
波逸提,44,0.0003748261663
應作,44,0.0003748261663
淨施,44,0.0003748261663
大僧,43,0.0003663073898
五德,43,0.0003663073898
瓶,43,0.0003663073898
對首,43,0.0003663073898
散,43,0.0003663073898
宗,43,0.0003663073898
與欲,43,0.0003663073898
隨相,43,0.0003663073898
習,43,0.0003663073898
緣成,43,0.0003663073898
判,43,0.0003663073898
畜生,43,0.0003663073898
漏,42,0.0003577886133
偈,42,0.0003577886133
食時,42,0.0003577886133
輪,42,0.0003577886133
瞋,42,0.0003577886133
僧伽梨,41,0.0003492698368
無量,41,0.0003492698368
長衣,41,0.0003492698368
伽梨,41,0.0003492698368
有緣,41,0.0003492698368
有無,41,0.0003492698368
展轉,41,0.0003492698368
比丘尼,41,0.0003492698368
左,41,0.0003492698368
受日,41,0.0003492698368
道行,40,0.0003407510603
僧次,40,0.0003407510603
伽藍,40,0.0003407510603
睡,40,0.0003407510603
坐具,40,0.0003407510603
恭敬,40,0.0003407510603
萬,40,0.0003407510603
看病,39,0.0003322322838
地獄,39,0.0003322322838
繫,39,0.0003322322838
鬼,39,0.0003322322838
里,39,0.0003322322838
慚,39,0.0003322322838
拜,39,0.0003322322838
愧,39,0.0003322322838
受法,39,0.0003322322838
大眾,38,0.0003237135073
合掌,38,0.0003237135073
互跪,38,0.0003237135073
馬,38,0.0003237135073
三明,38,0.0003237135073
別請,37,0.0003151947308
見聞,37,0.0003151947308
羅漢,37,0.0003151947308
小便,37,0.0003151947308
無知,37,0.0003151947308
計,37,0.0003151947308
利養,37,0.0003151947308
解脫,36,0.0003066759543
道俗,36,0.0003066759543
鈔,36,0.0003066759543
悲,36,0.0003066759543
四句,36,0.0003066759543
厭,35,0.0002981571778
隨意,35,0.0002981571778
戒法,35,0.0002981571778
露地,34,0.0002896384013
善法,34,0.0002896384013
二三,34,0.0002896384013
行法,34,0.0002896384013
院,34,0.0002896384013
十方,33,0.0002811196247
持犯,33,0.0002811196247
滅擯,33,0.0002811196247
不善,33,0.0002811196247
二眾,33,0.0002811196247
律儀,33,0.0002811196247
居士,33,0.0002811196247
摩那埵,32,0.0002726008482
無心,32,0.0002726008482
蓋,32,0.0002726008482
頭陀,32,0.0002726008482
草木,32,0.0002726008482
作者,32,0.0002726008482
不見,31,0.0002640820717
知事,31,0.0002640820717
禮拜,31,0.0002640820717
善生,31,0.0002640820717
衣界,31,0.0002640820717
止持,31,0.0002640820717
誦經,30,0.0002555632952
十戒,30,0.0002555632952
飲食,30,0.0002555632952
五戒,30,0.0002555632952
結界,30,0.0002555632952
三千,30,0.0002555632952
眾法,30,0.0002555632952
妄語,30,0.0002555632952
即是,30,0.0002555632952
單白,30,0.0002555632952
施僧,29,0.0002470445187
海,29,0.0002470445187
菩薩,29,0.0002470445187
無緣,29,0.0002470445187
小界,29,0.0002470445187
七日藥,29,0.0002470445187
不生,28,0.0002385257422
衣法,28,0.0002385257422
四明,28,0.0002385257422
仰,27,0.0002300069657
尋,27,0.0002300069657
維那,27,0.0002300069657
闇,27,0.0002300069657
戒相,27,0.0002300069657
一法,27,0.0002300069657
犯戒,27,0.0002300069657
隨順,27,0.0002300069657
名字,27,0.0002300069657
法界,27,0.0002300069657
從僧,27,0.0002300069657
說欲,26,0.0002214881892
大衣,26,0.0002214881892
野,26,0.0002214881892
舍利,26,0.0002214881892
書,26,0.0002214881892
三時,26,0.0002214881892
四月,26,0.0002214881892
佛法僧,26,0.0002214881892
齋,26,0.0002214881892
垢,26,0.0002214881892
僧尼,25,0.0002129694127
布施,25,0.0002129694127
持律,25,0.0002129694127
勤,25,0.0002129694127
害,25,0.0002129694127
佛塔,25,0.0002129694127
坊,25,0.0002129694127
賢,25,0.0002129694127
三法,25,0.0002129694127
燈,25,0.0002129694127
歸依,25,0.0002129694127
具戒,24,0.0002044506362
劫,24,0.0002044506362
梵行,24,0.0002044506362
火淨,24,0.0002044506362
大比丘,24,0.0002044506362
沙彌尼,24,0.0002044506362
優婆塞,24,0.0002044506362
微,24,0.0002044506362
受衣,24,0.0002044506362
作犯,24,0.0002044506362
功德衣,24,0.0002044506362
常住,24,0.0002044506362
和僧,24,0.0002044506362
法有,24,0.0002044506362
相續,24,0.0002044506362
相應,24,0.0002044506362
大乘,23,0.0001959318597
僧坊,23,0.0001959318597
料簡,23,0.0001959318597
歡喜,23,0.0001959318597
無戒,23,0.0001959318597
坐禪,23,0.0001959318597
懺法,23,0.0001959318597
四重,23,0.0001959318597
二罪,23,0.0001959318597
搩手,23,0.0001959318597
二法,23,0.0001959318597
無記,22,0.0001874130832
惡道,22,0.0001874130832
世尊,22,0.0001874130832
外相,22,0.0001874130832
白四,22,0.0001874130832
戒師,22,0.0001874130832
差別,22,0.0001874130832
結戒,22,0.0001874130832
號,22,0.0001874130832
阿難,22,0.0001874130832
命梵,22,0.0001874130832
自然界,22,0.0001874130832
時食,22,0.0001874130832
尸,22,0.0001874130832
教誡,22,0.0001874130832
諦,22,0.0001874130832
生死,22,0.0001874130832
人法,22,0.0001874130832
有餘,22,0.0001874130832
活,21,0.0001788943067
行道,21,0.0001788943067
六聚,21,0.0001788943067
夜摩,21,0.0001788943067
所作,21,0.0001788943067
鉤,21,0.0001788943067
莊嚴,21,0.0001788943067
喻,21,0.0001788943067
八戒,21,0.0001788943067
善心,21,0.0001788943067
三世,21,0.0001788943067
入寺,21,0.0001788943067
壇,21,0.0001788943067
四法,21,0.0001788943067
鐘,21,0.0001788943067
破夏,21,0.0001788943067
得入,21,0.0001788943067
戒體,20,0.0001703755302
二衣,20,0.0001703755302
不還,20,0.0001703755302
下品,20,0.0001703755302
在家,20,0.0001703755302
佛像,20,0.0001703755302
讚歎,20,0.0001703755302
男女,20,0.0001703755302
緣者,20,0.0001703755302
修道,20,0.0001703755302
摩觸,20,0.0001703755302
龍,20,0.0001703755302
同法,20,0.0001703755302
四藥,20,0.0001703755302
聖教,20,0.0001703755302
信施,20,0.0001703755302
由旬,20,0.0001703755302
惡觸,19,0.0001618567536
五法,19,0.0001618567536
知法,19,0.0001618567536
問訊,19,0.0001618567536
廣說,19,0.0001618567536
鬼神,19,0.0001618567536
蛇,19,0.0001618567536
發戒,19,0.0001618567536
二受,19,0.0001618567536
長者,19,0.0001618567536
序,19,0.0001618567536
不信,19,0.0001618567536
果報,19,0.0001618567536
律師,19,0.0001618567536
護法,19,0.0001618567536
阿闍梨,19,0.0001618567536
縛,19,0.0001618567536
睡眠,19,0.0001618567536
戒行,18,0.0001533379771
剃髮,18,0.0001533379771
瘡,18,0.0001533379771
身心,18,0.0001533379771
污家,18,0.0001533379771
唄,18,0.0001533379771
所有,18,0.0001533379771
二師,18,0.0001533379771
尚闍梨,18,0.0001533379771
現在,18,0.0001533379771
三句,18,0.0001533379771
雜含,18,0.0001533379771
煩惱,18,0.0001533379771
參,18,0.0001533379771
止犯,18,0.0001533379771
法師,18,0.0001533379771
塚,18,0.0001533379771
寺中,18,0.0001533379771
三難,18,0.0001533379771
思惟,17,0.0001448192006
聲聞,17,0.0001448192006
夏中,17,0.0001448192006
尼寺,17,0.0001448192006
善惡,17,0.0001448192006
偷蘭遮,17,0.0001448192006
緣起,17,0.0001448192006
三有,17,0.0001448192006
有法,17,0.0001448192006
後生,17,0.0001448192006
法身,17,0.0001448192006
粥,17,0.0001448192006
聖人,17,0.0001448192006
五過,17,0.0001448192006
慈心,17,0.0001448192006
經行,17,0.0001448192006
未來,17,0.0001448192006
式叉,17,0.0001448192006
染心,17,0.0001448192006
文證,17,0.0001448192006
機,16,0.0001363004241
真實,16,0.0001363004241
多羅,16,0.0001363004241
五條,16,0.0001363004241
壞色,16,0.0001363004241
我所,16,0.0001363004241
見者,16,0.0001363004241
在世,16,0.0001363004241
盆,16,0.0001363004241
提舍,16,0.0001363004241
纏,16,0.0001363004241
無常,16,0.0001363004241
世間,16,0.0001363004241
福田,16,0.0001363004241
廁,16,0.0001363004241
三歸,16,0.0001363004241
椎,16,0.0001363004241
舍利弗,16,0.0001363004241
食戒,16,0.0001363004241
食後,16,0.0001363004241
具足戒,16,0.0001363004241
信心,16,0.0001363004241
悟,16,0.0001363004241
發心,16,0.0001363004241
泥洹,16,0.0001363004241
三藏,16,0.0001363004241
利益,16,0.0001363004241
慳,16,0.0001363004241
出要,16,0.0001363004241
道者,15,0.0001277816476
誑,15,0.0001277816476
平等,15,0.0001277816476
五大,15,0.0001277816476
婆沙,15,0.0001277816476
佛教,15,0.0001277816476
三寶物,15,0.0001277816476
憍,15,0.0001277816476
知者,15,0.0001277816476
知足,15,0.0001277816476
安居竟,15,0.0001277816476
戒律,15,0.0001277816476
惡業,15,0.0001277816476
作禮,15,0.0001277816476
無慚,15,0.0001277816476
云云,15,0.0001277816476
邪見,15,0.0001277816476
破僧,15,0.0001277816476
七條,15,0.0001277816476
自煮,15,0.0001277816476
聖法,15,0.0001277816476
偏袒,15,0.0001277816476
法相,15,0.0001277816476
十三難,15,0.0001277816476
灑,15,0.0001277816476
諸天,15,0.0001277816476
影,14,0.0001192628711
大戒,14,0.0001192628711
惑,14,0.0001192628711
不覺,14,0.0001192628711
捨戒,14,0.0001192628711
億,14,0.0001192628711
自在,14,0.0001192628711
不如法,14,0.0001192628711
索欲,14,0.0001192628711
持者,14,0.0001192628711
知識,14,0.0001192628711
持鉢,14,0.0001192628711
妙,14,0.0001192628711
盲,14,0.0001192628711
幡,14,0.0001192628711
二戒,14,0.0001192628711
憶念,14,0.0001192628711
多聞,14,0.0001192628711
念法,14,0.0001192628711
安陀會,14,0.0001192628711
一界,14,0.0001192628711
一向,14,0.0001192628711
須臾,14,0.0001192628711
決定,14,0.0001192628711
儀式,14,0.0001192628711
緣事,14,0.0001192628711
初夜,14,0.0001192628711
三千威儀,14,0.0001192628711
住持,14,0.0001192628711
相對,14,0.0001192628711
受欲,14,0.0001192628711
安樂,13,0.0001107440946
中含,13,0.0001107440946
阿含,13,0.0001107440946
祇支,13,0.0001107440946
遠離,13,0.0001107440946
佛物,13,0.0001107440946
善根,13,0.0001107440946
不斷,13,0.0001107440946
行籌,13,0.0001107440946
師子,13,0.0001107440946
禁戒,13,0.0001107440946
形像,13,0.0001107440946
無我,13,0.0001107440946
奴婢,13,0.0001107440946
木叉,13,0.0001107440946
僧伽藍,13,0.0001107440946
入眾,13,0.0001107440946
三五,13,0.0001107440946
究竟,13,0.0001107440946
染衣,13,0.0001107440946
出世,13,0.0001107440946
殺生,13,0.0001107440946
能持,13,0.0001107440946
三毒,13,0.0001107440946
一念,13,0.0001107440946
淨戒,13,0.0001107440946
關,13,0.0001107440946
四事,13,0.0001107440946
放逸,13,0.0001107440946
陰,13,0.0001107440946
正念,13,0.0001107440946
非情,13,0.0001107440946
人非人,13,0.0001107440946
僧界,13,0.0001107440946
生經,13,0.0001107440946
夢,13,0.0001107440946
立法,13,0.0001107440946
戒本疏,13,0.0001107440946
五大色,13,0.0001107440946
魔,13,0.0001107440946
經論,13,0.0001107440946
犍,12,0.0001022253181
內衣,12,0.0001022253181
打靜,12,0.0001022253181
十利,12,0.0001022253181
如說,12,0.0001022253181
不請,12,0.0001022253181
中品,12,0.0001022253181
解界,12,0.0001022253181
對治,12,0.0001022253181
曇,12,0.0001022253181
佛語,12,0.0001022253181
五明,12,0.0001022253181
黃門,12,0.0001022253181
惡人,12,0.0001022253181
瞻病,12,0.0001022253181
八不,12,0.0001022253181
隨一,12,0.0001022253181
安隱,12,0.0001022253181
血,12,0.0001022253181
道業,12,0.0001022253181
師僧,12,0.0001022253181
內煮,12,0.0001022253181
人見,12,0.0001022253181
一句,12,0.0001022253181
三自,12,0.0001022253181
作戒,12,0.0001022253181
隨緣,12,0.0001022253181
臘,12,0.0001022253181
後安居,12,0.0001022253181
高座,12,0.0001022253181
心相,12,0.0001022253181
尼師壇,12,0.0001022253181
題,12,0.0001022253181
智慧,12,0.0001022253181
善生經,12,0.0001022253181
欲法,12,0.0001022253181
右手,12,0.0001022253181
練若,12,0.0001022253181
名僧,12,0.0001022253181
教令,12,0.0001022253181
定慧,12,0.0001022253181
散華,12,0.0001022253181
法滅,12,0.0001022253181
抖擻,12,0.0001022253181
法應,12,0.0001022253181
人有,12,0.0001022253181
酪,12,0.0001022253181
迦葉,12,0.0001022253181
人相,12,0.0001022253181
亡者,12,0.0001022253181
遮難,11,9.37E-05
五篇,11,9.37E-05
二食,11,9.37E-05
誦律,11,9.37E-05
施物,11,9.37E-05
不可得,11,9.37E-05
十住,11,9.37E-05
石蜜,11,9.37E-05
方相,11,9.37E-05
如法治,11,9.37E-05
貪著,11,9.37E-05
鏡,11,9.37E-05
應法,11,9.37E-05
橫,11,9.37E-05
凡聖,11,9.37E-05
學悔,11,9.37E-05
食前,11,9.37E-05
凡夫,11,9.37E-05
無邊,11,9.37E-05
拘盧,11,9.37E-05
報恩,11,9.37E-05
道中,11,9.37E-05
小乘,11,9.37E-05
道人,11,9.37E-05
提舍尼,11,9.37E-05
行人,11,9.37E-05
國王,11,9.37E-05
共相,11,9.37E-05
二犯,11,9.37E-05
十輪,11,9.37E-05
不動,11,9.37E-05
二教,11,9.37E-05
一明,11,9.37E-05
過去,11,9.37E-05
三乘,11,9.37E-05
得道,11,9.37E-05
人身,11,9.37E-05
三緣,11,9.37E-05
邊罪,11,9.37E-05
一家,11,9.37E-05
人間,11,9.37E-05
象,11,9.37E-05
三惡,11,9.37E-05
調伏,11,9.37E-05
戒羯磨,11,9.37E-05
聖道,11,9.37E-05
請僧,11,9.37E-05
剎,11,9.37E-05
四眾,11,9.37E-05
塔廟,11,9.37E-05
後夜,11,9.37E-05
非時食,11,9.37E-05
七眾,11,9.37E-05
後說,11,9.37E-05
眷屬,11,9.37E-05
教化,11,9.37E-05
讀誦,11,9.37E-05
諸緣,11,9.37E-05
慈悲,11,9.37E-05
呵責,11,9.37E-05
相似,11,9.37E-05
恨,11,9.37E-05
懈怠,10,8.52E-05
已還,10,8.52E-05
身相,10,8.52E-05
衰,10,8.52E-05
鼠,10,8.52E-05
滅度,10,8.52E-05
心念法,10,8.52E-05
歸依佛,10,8.52E-05
捨心,10,8.52E-05
諸根,10,8.52E-05
中食,10,8.52E-05
迦絺那,10,8.52E-05
證明,10,8.52E-05
福德,10,8.52E-05
義通,10,8.52E-05
阿鼻,10,8.52E-05
智者,10,8.52E-05
三受,10,8.52E-05
悔過,10,8.52E-05
賢聖,10,8.52E-05
有作,10,8.52E-05
臨終,10,8.52E-05
經律,10,8.52E-05
三根,10,8.52E-05
作意,10,8.52E-05
一品,10,8.52E-05
四心,10,8.52E-05
納衣,10,8.52E-05
七聚,10,8.52E-05
鳴鐘,10,8.52E-05
教授師,10,8.52E-05
四相,10,8.52E-05
生天,10,8.52E-05
教法,10,8.52E-05
索欲問和,10,8.52E-05
華嚴,10,8.52E-05
跋,10,8.52E-05
弓,10,8.52E-05
珠,10,8.52E-05
虎,10,8.52E-05
夏安居,10,8.52E-05
正教,10,8.52E-05
增長,10,8.52E-05
三羯磨,10,8.52E-05
淨語,10,8.52E-05
因果,10,8.52E-05
一食,10,8.52E-05
時分,10,8.52E-05
賊住,10,8.52E-05
鹿,9,7.67E-05
無餘,9,7.67E-05
阿羅,9,7.67E-05
彈指,9,7.67E-05
說罪,9,7.67E-05
惡行,9,7.67E-05
僧家,9,7.67E-05
冥,9,7.67E-05
僧祇支,9,7.67E-05
前安居,9,7.67E-05
徒眾,9,7.67E-05
作佛,9,7.67E-05
甘蔗,9,7.67E-05
飲酒,9,7.67E-05
佛道,9,7.67E-05
瓦鉢,9,7.67E-05
瞋心,9,7.67E-05
妨難,9,7.67E-05
建立,9,7.67E-05
戒德,9,7.67E-05
糞掃衣,9,7.67E-05
內心,9,7.67E-05
二乘,9,7.67E-05
蟻,9,7.67E-05
燒香,9,7.67E-05
沙彌戒,9,7.67E-05
八法,9,7.67E-05
別相,9,7.67E-05
學戒,9,7.67E-05
受隨,9,7.67E-05
遊行,9,7.67E-05
盧舍,9,7.67E-05
鉢盂,9,7.67E-05
鉢他,9,7.67E-05
獲,9,7.67E-05
對法,9,7.67E-05
諸行,9,7.67E-05
三界,9,7.67E-05
一如,9,7.67E-05
善男子,9,7.67E-05
三業,9,7.67E-05
入佛,9,7.67E-05
三戒,9,7.67E-05
幡蓋,9,7.67E-05
修行,9,7.67E-05
華香,9,7.67E-05
浴室,9,7.67E-05
鼓,9,7.67E-05
秉法,9,7.67E-05
拘盧舍,9,7.67E-05
親友,9,7.67E-05
鬘,9,7.67E-05
點淨,9,7.67E-05
法住,9,7.67E-05
教網,9,7.67E-05
心行,9,7.67E-05
偏袒右肩,9,7.67E-05
目連,9,7.67E-05
中安居,9,7.67E-05
念佛,9,7.67E-05
本心,9,7.67E-05
三請,9,7.67E-05
三舉,9,7.67E-05
一肘,9,7.67E-05
篇聚,9,7.67E-05
天人,8,6.82E-05
僧眾,8,6.82E-05
白和,8,6.82E-05
楊枝,8,6.82E-05
越毘尼,8,6.82E-05
一搩手,8,6.82E-05
五受,8,6.82E-05
世人,8,6.82E-05
僧徒,8,6.82E-05
敷具,8,6.82E-05
知淨,8,6.82E-05
香華,8,6.82E-05
上衣,8,6.82E-05
尼薩耆,8,6.82E-05
四戒,8,6.82E-05
佛說,8,6.82E-05
寶藏,8,6.82E-05
百一物,8,6.82E-05
禪定,8,6.82E-05
德行,8,6.82E-05
宿煮,8,6.82E-05
見佛,8,6.82E-05
示導,8,6.82E-05
頗,8,6.82E-05
阿練若,8,6.82E-05
香湯,8,6.82E-05
發得,8,6.82E-05
三惡道,8,6.82E-05
犍稚,8,6.82E-05
魚,8,6.82E-05
心受,8,6.82E-05
身行,8,6.82E-05
惡律儀,8,6.82E-05
餓鬼,8,6.82E-05
無盡,8,6.82E-05
口業,8,6.82E-05
淨心,8,6.82E-05
禮敬,8,6.82E-05
迦提,8,6.82E-05
有想,8,6.82E-05
一尋,8,6.82E-05
鉢囊,8,6.82E-05
阿羅漢,8,6.82E-05
一偈,8,6.82E-05
三性,8,6.82E-05
後有,8,6.82E-05
正食,8,6.82E-05
欲心,8,6.82E-05
定者,8,6.82E-05
成佛,8,6.82E-05
非色,8,6.82E-05
後世,8,6.82E-05
懺主,8,6.82E-05
塔像,8,6.82E-05
罪人,8,6.82E-05
邪命,8,6.82E-05
自知,8,6.82E-05
學處,8,6.82E-05
兄弟,8,6.82E-05
法用,8,6.82E-05
罪福,8,6.82E-05
食肉,8,6.82E-05
精進,8,6.82E-05
諸法,8,6.82E-05
住僧,8,6.82E-05
精舍,8,6.82E-05
毘曇,8,6.82E-05
得度,8,6.82E-05
十二頭陀,8,6.82E-05
出離,8,6.82E-05
行香,7,5.96E-05
世界,7,5.96E-05
空無,7,5.96E-05
大地,7,5.96E-05
五欲,7,5.96E-05
樓,7,5.96E-05
小食,7,5.96E-05
長夜,7,5.96E-05
論疏,7,5.96E-05
仙,7,5.96E-05
我法,7,5.96E-05
不輕,7,5.96E-05
十善,7,5.96E-05
歸依僧,7,5.96E-05
業道,7,5.96E-05
幻,7,5.96E-05
地上,7,5.96E-05
滅後,7,5.96E-05
心念口言,7,5.96E-05
梵難,7,5.96E-05
廢立,7,5.96E-05
鍵,7,5.96E-05
佛藏,7,5.96E-05
懺儀,7,5.96E-05
佛身,7,5.96E-05
波利,7,5.96E-05
僧祇律,7,5.96E-05
造像,7,5.96E-05
滅法,7,5.96E-05
歸依法,7,5.96E-05
在俗,7,5.96E-05
留難,7,5.96E-05
佛世,7,5.96E-05
應滅擯,7,5.96E-05
下衣,7,5.96E-05
大論,7,5.96E-05
二心,7,5.96E-05
無學,7,5.96E-05
行一,7,5.96E-05
取與,7,5.96E-05
我所心,7,5.96E-05
無根,7,5.96E-05
剃刀,7,5.96E-05
無方,7,5.96E-05
諂,7,5.96E-05
然燈,7,5.96E-05
道法,7,5.96E-05
憍慢,7,5.96E-05
二時,7,5.96E-05
無疑,7,5.96E-05
無相,7,5.96E-05
六物,7,5.96E-05
空處,7,5.96E-05
十門,7,5.96E-05
三心,7,5.96E-05
丈夫,7,5.96E-05
開解,7,5.96E-05
兩舌,7,5.96E-05
淨主,7,5.96E-05
淫欲,7,5.96E-05
三相,7,5.96E-05
入定,7,5.96E-05
入塔,7,5.96E-05
有教,7,5.96E-05
一化,7,5.96E-05
法食,7,5.96E-05
四依,7,5.96E-05
鈍根,7,5.96E-05
聖言,7,5.96E-05
法衣,7,5.96E-05
譯,7,5.96E-05
法語,7,5.96E-05
入涅槃,7,5.96E-05
法輪,7,5.96E-05
隨情,7,5.96E-05
四大,7,5.96E-05
心作,7,5.96E-05
伏藏,7,5.96E-05
隨喜,7,5.96E-05
勸化,7,5.96E-05
釋子,7,5.96E-05
奉行,7,5.96E-05
掃地,7,5.96E-05
法名,7,5.96E-05
王法,7,5.96E-05
正受,7,5.96E-05
修善,7,5.96E-05
水器,7,5.96E-05
聖僧,7,5.96E-05
聞法,7,5.96E-05
肉眼,7,5.96E-05
誓,7,5.96E-05
寂,7,5.96E-05
信樂,7,5.96E-05
聖種,7,5.96E-05
香水,7,5.96E-05
疑心,7,5.96E-05
淨衣,7,5.96E-05
境界,7,5.96E-05
律藏,7,5.96E-05
尸羅,7,5.96E-05
經者,7,5.96E-05
出道,7,5.96E-05
惡說,6,5.11E-05
惡見,6,5.11E-05
愛道,6,5.11E-05
起者,6,5.11E-05
壽命,6,5.11E-05
八難,6,5.11E-05
世法,6,5.11E-05
至真,6,5.11E-05
無遮,6,5.11E-05
拔濟,6,5.11E-05
明心,6,5.11E-05
夏竟,6,5.11E-05
大海,6,5.11E-05
師資,6,5.11E-05
砂,6,5.11E-05
天眼,6,5.11E-05
身命,6,5.11E-05
性戒,6,5.11E-05
未受具人,6,5.11E-05
地中,6,5.11E-05
白佛,6,5.11E-05
同行,6,5.11E-05
烏,6,5.11E-05
皮衣,6,5.11E-05
中悔,6,5.11E-05
瞋恚,6,5.11E-05
中道,6,5.11E-05
閻浮,6,5.11E-05
事相,6,5.11E-05
緣中,6,5.11E-05
顛倒,6,5.11E-05
等得,6,5.11E-05
末法,6,5.11E-05
香爐,6,5.11E-05
佛子,6,5.11E-05
大聖,6,5.11E-05
死屍,6,5.11E-05
實者,6,5.11E-05
六念,6,5.11E-05
界分,6,5.11E-05
天龍,6,5.11E-05
六法,6,5.11E-05
無漏,6,5.11E-05
趺坐,6,5.11E-05
二持,6,5.11E-05
善哉,6,5.11E-05
國土,6,5.11E-05
藥草,6,5.11E-05
八不淨,6,5.11E-05
無畏,6,5.11E-05
撿挍,6,5.11E-05
出期,6,5.11E-05
經法,6,5.11E-05
邊地,6,5.11E-05
虛空,6,5.11E-05
淨屋,6,5.11E-05
出息,6,5.11E-05
貝,6,5.11E-05
三大,6,5.11E-05
聲論,6,5.11E-05
招提,6,5.11E-05
得脫,6,5.11E-05
三善,6,5.11E-05
一期,6,5.11E-05
得通,6,5.11E-05
有事,6,5.11E-05
彌勒,6,5.11E-05
有界,6,5.11E-05
文句,6,5.11E-05
迦羅,6,5.11E-05
怨家,6,5.11E-05
鉢器,6,5.11E-05
讀經,6,5.11E-05
涅槃經,6,5.11E-05
佉,6,5.11E-05
戒和尚,6,5.11E-05
四一,6,5.11E-05
雜行,6,5.11E-05
隨機,6,5.11E-05
自攝,6,5.11E-05
心緣,6,5.11E-05
正行,6,5.11E-05
生身,6,5.11E-05
少欲知足,6,5.11E-05
法處,6,5.11E-05
厭離,6,5.11E-05
四波,6,5.11E-05
草座,6,5.11E-05
本緣,6,5.11E-05
唯識,6,5.11E-05
供養法,6,5.11E-05
非道,6,5.11E-05
婬,6,5.11E-05
苦惱,6,5.11E-05
七支,6,5.11E-05
生得,6,5.11E-05
見聞疑,6,5.11E-05
四說,6,5.11E-05
說戒日,6,5.11E-05
四隨,6,5.11E-05
四門,6,5.11E-05
四食,6,5.11E-05
釋迦,6,5.11E-05
花,6,5.11E-05
錫,6,5.11E-05
能忍,6,5.11E-05
同學,6,5.11E-05
四方僧物,6,5.11E-05
橋,6,5.11E-05
四分律,6,5.11E-05
染污,6,5.11E-05
輕慢,6,5.11E-05
繩床,6,5.11E-05
業相,6,5.11E-05
時漿,6,5.11E-05
竺,6,5.11E-05
右膝著地,6,5.11E-05
人生,6,5.11E-05
諸相,6,5.11E-05
制戒,6,5.11E-05
百一供身,6,5.11E-05
一身,6,5.11E-05
相傳,6,5.11E-05
攝心,6,5.11E-05
改悔,6,5.11E-05
人天,6,5.11E-05
受歲,6,5.11E-05
二邊,5,4.26E-05
無貪,5,4.26E-05
二道,5,4.26E-05
供具,5,4.26E-05
僧戒,5,4.26E-05
我倒,5,4.26E-05
小行,5,4.26E-05
身戒,5,4.26E-05
五生,5,4.26E-05
大事,5,4.26E-05
悲心,5,4.26E-05
慧命,5,4.26E-05
尊者,5,4.26E-05
僧相,5,4.26E-05
天壽,5,4.26E-05
布薩日,5,4.26E-05
集會,5,4.26E-05
五心,5,4.26E-05
大會,5,4.26E-05
現身,5,4.26E-05
漉水袋,5,4.26E-05
實有,5,4.26E-05
天竺,5,4.26E-05
長物,5,4.26E-05
可觀,5,4.26E-05
正量部,5,4.26E-05
觀察,5,4.26E-05
蓮華,5,4.26E-05
講堂,5,4.26E-05
說戒師,5,4.26E-05
向上,5,4.26E-05
持淨,5,4.26E-05
菩提,5,4.26E-05
婆羅,5,4.26E-05
正業,5,4.26E-05
力者,5,4.26E-05
方等,5,4.26E-05
綱維,5,4.26E-05
覆肩衣,5,4.26E-05
許可,5,4.26E-05
佛讚,5,4.26E-05
污染,5,4.26E-05
種子,5,4.26E-05
必定,5,4.26E-05
攝衣界,5,4.26E-05
廣大,5,4.26E-05
轉變,5,4.26E-05
任運,5,4.26E-05
白二羯磨,5,4.26E-05
香味,5,4.26E-05
佛種,5,4.26E-05
契經,5,4.26E-05
等供,5,4.26E-05
用心,5,4.26E-05
佛事,5,4.26E-05
貪欲,5,4.26E-05
等心,5,4.26E-05
二加,5,4.26E-05
無住,5,4.26E-05
波羅提木叉,5,4.26E-05
二因,5,4.26E-05
憶持,5,4.26E-05
瓔珞,5,4.26E-05
無始,5,4.26E-05
六塵,5,4.26E-05
壞法,5,4.26E-05
長養,5,4.26E-05
惡口,5,4.26E-05
四等,5,4.26E-05
引導,5,4.26E-05
僧護,5,4.26E-05
八正,5,4.26E-05
行相,5,4.26E-05
如實,5,4.26E-05
釋名,5,4.26E-05
等正覺,5,4.26E-05
擯出,5,4.26E-05
五衣,5,4.26E-05
無為,5,4.26E-05
最後,5,4.26E-05
三師,5,4.26E-05
假名,5,4.26E-05
解脫道,5,4.26E-05
作善,5,4.26E-05
數人,5,4.26E-05
轉輪,5,4.26E-05
男根,5,4.26E-05
非時漿,5,4.26E-05
虛妄,5,4.26E-05
有相,5,4.26E-05
一佛,5,4.26E-05
式叉尼,5,4.26E-05
一字,5,4.26E-05
綺語,5,4.26E-05
一夏,5,4.26E-05
一往,5,4.26E-05
三昧,5,4.26E-05
三施,5,4.26E-05
能所,5,4.26E-05
四上,5,4.26E-05
常坐,5,4.26E-05
一行,5,4.26E-05
法行,5,4.26E-05
約法,5,4.26E-05
正解,5,4.26E-05
正覺,5,4.26E-05
功能,5,4.26E-05
來應,5,4.26E-05
四有,5,4.26E-05
教行,5,4.26E-05
能行,5,4.26E-05
四知,5,4.26E-05
非食,5,4.26E-05
四維,5,4.26E-05
印,5,4.26E-05
錫杖,5,4.26E-05
光明,5,4.26E-05
成道,5,4.26E-05
法尼,5,4.26E-05
法式,5,4.26E-05
四身,5,4.26E-05
苦行,5,4.26E-05
語等,5,4.26E-05
言說,5,4.26E-05
四上座,5,4.26E-05
色有,5,4.26E-05
稱名,5,4.26E-05
金剛,5,4.26E-05
蓮,5,4.26E-05
聖果,5,4.26E-05
憍奢耶,5,4.26E-05
法眾,5,4.26E-05
水界,5,4.26E-05
妄業,5,4.26E-05
焰,5,4.26E-05
法教,5,4.26E-05
七寶,5,4.26E-05
智人,5,4.26E-05
諸有,5,4.26E-05
攝持,5,4.26E-05
三道,5,4.26E-05
三行,5,4.26E-05
三色,5,4.26E-05
有身,5,4.26E-05
一道,5,4.26E-05
貪瞋,5,4.26E-05
制教,5,4.26E-05
入道,5,4.26E-05
疑悔,5,4.26E-05
轉法輪,5,4.26E-05
大界外相,5,4.26E-05
尼戒,5,4.26E-05
攝取,5,4.26E-05
依他,4,3.41E-05
塵沙,4,3.41E-05
六行,4,3.41E-05
六親,4,3.41E-05
有一人,4,3.41E-05
十惡,4,3.41E-05
死苦,4,3.41E-05
愛護,4,3.41E-05
明法,4,3.41E-05
結集,4,3.41E-05
八重,4,3.41E-05
八齋,4,3.41E-05
大姊,4,3.41E-05
二護,4,3.41E-05
大師,4,3.41E-05
大意,4,3.41E-05
善處,4,3.41E-05
白法,4,3.41E-05
聖眾,4,3.41E-05
世俗,4,3.41E-05
念言,4,3.41E-05
大疏,4,3.41E-05
身受,4,3.41E-05
阿蘭若,4,3.41E-05
按摩,4,3.41E-05
摩夷,4,3.41E-05
羅剎,4,3.41E-05
惡言,4,3.41E-05
教勅,4,3.41E-05
佉闍尼,4,3.41E-05
學人,4,3.41E-05
悅眾,4,3.41E-05
伺,4,3.41E-05
事識,4,3.41E-05
專心,4,3.41E-05
慳貪,4,3.41E-05
發願,4,3.41E-05
故二,4,3.41E-05
便利,4,3.41E-05
剎利,4,3.41E-05
板,4,3.41E-05
佛戒,4,3.41E-05
羅門,4,3.41E-05
禪師,4,3.41E-05
反抄,4,3.41E-05
上人,4,3.41E-05
佛經,4,3.41E-05
磬,4,3.41E-05
外緣,4,3.41E-05
響,4,3.41E-05
見法,4,3.41E-05
舊住,4,3.41E-05
寶塔,4,3.41E-05
毘婆沙,4,3.41E-05
事懺,4,3.41E-05
佛堂,4,3.41E-05
六作,4,3.41E-05
無上,4,3.41E-05
賢愚經,4,3.41E-05
波羅提提舍尼,4,3.41E-05
善性,4,3.41E-05
壞相,4,3.41E-05
如是因,4,3.41E-05
實語,4,3.41E-05
戒定,4,3.41E-05
戒心,4,3.41E-05
如意,4,3.41E-05
即非,4,3.41E-05
大門,4,3.41E-05
通行,4,3.41E-05
別受,4,3.41E-05
道安,4,3.41E-05
善神,4,3.41E-05
現相,4,3.41E-05
六入,4,3.41E-05
三身,4,3.41E-05
得定,4,3.41E-05
僧若,4,3.41E-05
無欲,4,3.41E-05
無明,4,3.41E-05
善來,4,3.41E-05
小法,4,3.41E-05
戒經,4,3.41E-05
五逆,4,3.41E-05
佛出世,4,3.41E-05
惡緣,4,3.41E-05
世論,4,3.41E-05
思量,4,3.41E-05
遮惡,4,3.41E-05
多貪,4,3.41E-05
二根,4,3.41E-05
施食,4,3.41E-05
深防,4,3.41E-05
生報,4,3.41E-05
仙人,4,3.41E-05
禿,4,3.41E-05
三多,4,3.41E-05
三周,4,3.41E-05
尼衣,4,3.41E-05
入滅,4,3.41E-05
斷食,4,3.41E-05
一相,4,3.41E-05
選擇,4,3.41E-05
有為,4,3.41E-05
一中,4,3.41E-05
攝論,4,3.41E-05
無盡財,4,3.41E-05
舍羅,4,3.41E-05
染色,4,3.41E-05
入堂,4,3.41E-05
樂著,4,3.41E-05
一坐食,4,3.41E-05
作業,4,3.41E-05
支提,4,3.41E-05
富羅,4,3.41E-05
波利婆沙,4,3.41E-05
攝受,4,3.41E-05
儀軌,4,3.41E-05
經卷,4,3.41E-05
覺者,4,3.41E-05
三懺,4,3.41E-05
成實,4,3.41E-05
閻浮提,4,3.41E-05
本師,4,3.41E-05
聖行,4,3.41E-05
正道,4,3.41E-05
瓶沙王,4,3.41E-05
華鬘,4,3.41E-05
惡知識,4,3.41E-05
高僧,4,3.41E-05
實相,4,3.41E-05
正說,4,3.41E-05
威儀師,4,3.41E-05
諂曲,4,3.41E-05
一觸,4,3.41E-05
解脫道論,4,3.41E-05
王舍,4,3.41E-05
欲界,4,3.41E-05
珍寶,4,3.41E-05
前生,4,3.41E-05
黑月,4,3.41E-05
敬禮,4,3.41E-05
三世佛,4,3.41E-05
增益,4,3.41E-05
四生,4,3.41E-05
名聞,4,3.41E-05
苦海,4,3.41E-05
欲有,4,3.41E-05
色聲,4,3.41E-05
名相,4,3.41E-05
自淨,4,3.41E-05
法入,4,3.41E-05
功力,4,3.41E-05
自性,4,3.41E-05
名義,4,3.41E-05
作無作,4,3.41E-05
正中,4,3.41E-05
亂心,4,3.41E-05
能破,4,3.41E-05
樹根,4,3.41E-05
罪報,4,3.41E-05
鐵鉢,4,3.41E-05
道緣,4,3.41E-05
破見,4,3.41E-05
名利,4,3.41E-05
化教,4,3.41E-05
色心,4,3.41E-05
義意,4,3.41E-05
法義,4,3.41E-05
罪業,4,3.41E-05
修羅,4,3.41E-05
功用,4,3.41E-05
譏嫌,4,3.41E-05
化生,4,3.41E-05
生法,4,3.41E-05
生滅,4,3.41E-05
七僧,4,3.41E-05
隨轉,4,3.41E-05
寺主,4,3.41E-05
義立,4,3.41E-05
自力,4,3.41E-05
命難,4,3.41E-05
法施,4,3.41E-05
增上,4,3.41E-05
寫經,4,3.41E-05
七大,4,3.41E-05
獵師,4,3.41E-05
四比丘,4,3.41E-05
獼猴,4,3.41E-05
利根,4,3.41E-05
遮戒,4,3.41E-05
寂靜,4,3.41E-05
五觀,4,3.41E-05
三過,4,3.41E-05
阿毘曇,4,3.41E-05
三語,4,3.41E-05
權,4,3.41E-05
有識,4,3.41E-05
二業,4,3.41E-05
三聚,4,3.41E-05
一識,4,3.41E-05
怨賊,4,3.41E-05
僧伽婆尸沙,4,3.41E-05
總別,4,3.41E-05
教相,4,3.41E-05
因明,4,3.41E-05
婆羅門,4,3.41E-05
裙,4,3.41E-05
沙門果,4,3.41E-05
調度,4,3.41E-05
勝行,4,3.41E-05
銅鉢,4,3.41E-05
一面,4,3.41E-05
多生,3,2.56E-05
身業,3,2.56E-05
六趣,3,2.56E-05
起行,3,2.56E-05
天上,3,2.56E-05
業有,3,2.56E-05
深法,3,2.56E-05
外凡,3,2.56E-05
羯磨僧,3,2.56E-05
通利,3,2.56E-05
吒,3,2.56E-05
急施衣,3,2.56E-05
空界,3,2.56E-05
行解,3,2.56E-05
大利,3,2.56E-05
天子,3,2.56E-05
八門,3,2.56E-05
無分別智,3,2.56E-05
我人,3,2.56E-05
領納,3,2.56E-05
二百五十戒,3,2.56E-05
二行,3,2.56E-05
供佛,3,2.56E-05
五指,3,2.56E-05
二身,3,2.56E-05
六道,3,2.56E-05
生色,3,2.56E-05
不退,3,2.56E-05
最勝,3,2.56E-05
通夜,3,2.56E-05
世善,3,2.56E-05
大法,3,2.56E-05
天神,3,2.56E-05
賓頭,3,2.56E-05
四事供養,3,2.56E-05
十師,3,2.56E-05
僧可,3,2.56E-05
夏末,3,2.56E-05
端坐,3,2.56E-05
天王,3,2.56E-05
波利迦羅,3,2.56E-05
量等,3,2.56E-05
大綱,3,2.56E-05
摩得勒伽,3,2.56E-05
見處,3,2.56E-05
佛生日,3,2.56E-05
地人,3,2.56E-05
加行,3,2.56E-05
槃陀,3,2.56E-05
合十,3,2.56E-05
雲集,3,2.56E-05
白四羯磨,3,2.56E-05
息心,3,2.56E-05
憐愍,3,2.56E-05
兜率,3,2.56E-05
婆提,3,2.56E-05
餘習,3,2.56E-05
衢,3,2.56E-05
七滅諍,3,2.56E-05
意業,3,2.56E-05
條衣,3,2.56E-05
直說,3,2.56E-05
所緣,3,2.56E-05
三十捨墮,3,2.56E-05
迴施,3,2.56E-05
發起,3,2.56E-05
要行,3,2.56E-05
鉤紐,3,2.56E-05
觸食,3,2.56E-05
墮在,3,2.56E-05
門首,3,2.56E-05
陵伽,3,2.56E-05
意言,3,2.56E-05
佛性,3,2.56E-05
業受,3,2.56E-05
寶所,3,2.56E-05
南無,3,2.56E-05
無作戒,3,2.56E-05
佛滅,3,2.56E-05
業報,3,2.56E-05
意處,3,2.56E-05
毛頭,3,2.56E-05
無差別,3,2.56E-05
降伏,3,2.56E-05
堪能,3,2.56E-05
式叉摩那,3,2.56E-05
摩訶,3,2.56E-05
梵天,3,2.56E-05
末代,3,2.56E-05
凡愚,3,2.56E-05
論師,3,2.56E-05
凡情,3,2.56E-05
孝順,3,2.56E-05
二諦,3,2.56E-05
出佛身血,3,2.56E-05
會通,3,2.56E-05
應供,3,2.56E-05
捨身,3,2.56E-05
火葬,3,2.56E-05
波離,3,2.56E-05
師子國,3,2.56E-05
墮負,3,2.56E-05
二足,3,2.56E-05
佛因,3,2.56E-05
佛地,3,2.56E-05
使者,3,2.56E-05
著法,3,2.56E-05
緣修,3,2.56E-05
禪鎮,3,2.56E-05
上方,3,2.56E-05
歌詠,3,2.56E-05
貪染,3,2.56E-05
示現,3,2.56E-05
口和,3,2.56E-05
惡作,3,2.56E-05
龜,3,2.56E-05
二入,3,2.56E-05
偽經,3,2.56E-05
二和,3,2.56E-05
雷,3,2.56E-05
戒善,3,2.56E-05
行德,3,2.56E-05
戒品,3,2.56E-05
戒名,3,2.56E-05
毘尼母論,3,2.56E-05
戒壇,3,2.56E-05
結使,3,2.56E-05
長跪,3,2.56E-05
二往,3,2.56E-05
十輪經,3,2.56E-05
天魔,3,2.56E-05
優波離,3,2.56E-05
齋法,3,2.56E-05
福報,3,2.56E-05
行乞,3,2.56E-05
我者,3,2.56E-05
師教,3,2.56E-05
六和,3,2.56E-05
內凡,3,2.56E-05
福分,3,2.56E-05
如是作,3,2.56E-05
取著,3,2.56E-05
通肩,3,2.56E-05
道意,3,2.56E-05
無求,3,2.56E-05
藥食,3,2.56E-05
八敬,3,2.56E-05
跋摩,3,2.56E-05
戒疏,3,2.56E-05
二相,3,2.56E-05
現世,3,2.56E-05
道果,3,2.56E-05
內法,3,2.56E-05
遮罪,3,2.56E-05
僧跋,3,2.56E-05
行用,3,2.56E-05
無想,3,2.56E-05
譏嫌戒,3,2.56E-05
二義,3,2.56E-05
優婆夷,3,2.56E-05
二惡,3,2.56E-05
行業,3,2.56E-05
引接,3,2.56E-05
五說,3,2.56E-05
九品,3,2.56E-05
摩訶羅,3,2.56E-05
遮性,3,2.56E-05
愛憎,3,2.56E-05
喜見,3,2.56E-05
軟語,3,2.56E-05
行教,3,2.56E-05
神足,3,2.56E-05
欣,3,2.56E-05
愛染,3,2.56E-05
命根,3,2.56E-05
鉢支,3,2.56E-05
東流,3,2.56E-05
三塗,3,2.56E-05
勤行,3,2.56E-05
律法,3,2.56E-05
丈六,3,2.56E-05
積聚,3,2.56E-05
不淨施,3,2.56E-05
三匝,3,2.56E-05
淨剎,3,2.56E-05
掉,3,2.56E-05
五納衣,3,2.56E-05
一等,3,2.56E-05
三佛,3,2.56E-05
俱舍,3,2.56E-05
勝業,3,2.56E-05
制門,3,2.56E-05
一緣,3,2.56E-05
四天下,3,2.56E-05
有解,3,2.56E-05
三節,3,2.56E-05
邏,3,2.56E-05
酥,3,2.56E-05
畢陵伽,3,2.56E-05
分別智,3,2.56E-05
染著,3,2.56E-05
異緣,3,2.56E-05
不見舉,3,2.56E-05
解釋,3,2.56E-05
時衣,3,2.56E-05
斷滅,3,2.56E-05
寂滅,3,2.56E-05
度弟,3,2.56E-05
帝釋,3,2.56E-05
過未,3,2.56E-05
作法界,3,2.56E-05
群生,3,2.56E-05
三果,3,2.56E-05
深心,3,2.56E-05
藏六,3,2.56E-05
三於,3,2.56E-05
三教,3,2.56E-05
有漏,3,2.56E-05
律宗,3,2.56E-05
諸惡莫作,3,2.56E-05
三解脫,3,2.56E-05
當分,3,2.56E-05
五百羅漢,3,2.56E-05
罪行,3,2.56E-05
聖賢,3,2.56E-05
本寺,3,2.56E-05
四主,3,2.56E-05
心慧,3,2.56E-05
離苦,3,2.56E-05
旛,3,2.56E-05
妄言,3,2.56E-05
來世,3,2.56E-05
童子,3,2.56E-05
檢校,3,2.56E-05
法被,3,2.56E-05
像運,3,2.56E-05
辨體,3,2.56E-05
梵福,3,2.56E-05
正見,3,2.56E-05
四律,3,2.56E-05
輪王,3,2.56E-05
衣樹,3,2.56E-05
四攝,3,2.56E-05
本相,3,2.56E-05
理懺,3,2.56E-05
四聖種,3,2.56E-05
涅槃僧,3,2.56E-05
後五,3,2.56E-05
忌,3,2.56E-05
四樹,3,2.56E-05
默擯,3,2.56E-05
繫念,3,2.56E-05
與奪,3,2.56E-05
苦業,3,2.56E-05
體相,3,2.56E-05
名色,3,2.56E-05
四界,3,2.56E-05
嚴淨,3,2.56E-05
三沙彌,3,2.56E-05
本時,3,2.56E-05
心心,3,2.56E-05
地水火風,3,2.56E-05
本淨,3,2.56E-05
心地,3,2.56E-05
三方便,3,2.56E-05
非想,3,2.56E-05
光顯,3,2.56E-05
正宗,3,2.56E-05
知淨語,3,2.56E-05
毀呰,3,2.56E-05
四聖,3,2.56E-05
化作,3,2.56E-05
四輩,3,2.56E-05
正命,3,2.56E-05
日光,3,2.56E-05
傳法,3,2.56E-05
毒蛇,3,2.56E-05
四諍,3,2.56E-05
四諦,3,2.56E-05
生因,3,2.56E-05
毒藥,3,2.56E-05
定心,3,2.56E-05
牧牛,3,2.56E-05
溫室,3,2.56E-05
正使,3,2.56E-05
大小二乘,3,2.56E-05
清淨人,3,2.56E-05
四量,3,2.56E-05
心欲,3,2.56E-05
義味,3,2.56E-05
縵衣,3,2.56E-05
黑闇,3,2.56E-05
自相,3,2.56E-05
胡跪,3,2.56E-05
離欲,3,2.56E-05
像法,3,2.56E-05
隨逐,3,2.56E-05
五分法身,3,2.56E-05
限分,3,2.56E-05
生疎,3,2.56E-05
三歸五戒,3,2.56E-05
衣體,3,2.56E-05
法樂,3,2.56E-05
和南,3,2.56E-05
非器,3,2.56E-05
水淨,3,2.56E-05
和眾,3,2.56E-05
劫貝,3,2.56E-05
法服,3,2.56E-05
同分,3,2.56E-05
策修,3,2.56E-05
道理,3,2.56E-05
染法,3,2.56E-05
染淨,3,2.56E-05
梯隥,3,2.56E-05
打鐘,3,2.56E-05
毘奈耶,3,2.56E-05
賓頭盧,3,2.56E-05
乘戒,3,2.56E-05
賢善,3,2.56E-05
三門,3,2.56E-05
緣相,3,2.56E-05
三通,3,2.56E-05
顯示,3,2.56E-05
存略,3,2.56E-05
像末,3,2.56E-05
襪,3,2.56E-05
淨觀,3,2.56E-05
雁,3,2.56E-05
愛惜,3,2.56E-05
畢陵,3,2.56E-05
脫皮淨,3,2.56E-05
戒定慧,3,2.56E-05
法緣,3,2.56E-05
老宿,3,2.56E-05
啟白,3,2.56E-05
不淨觀,3,2.56E-05
勤求,3,2.56E-05
相即,3,2.56E-05
兩界,3,2.56E-05
一色,3,2.56E-05
相待,3,2.56E-05
饒益,3,2.56E-05
開法,3,2.56E-05
遺教,3,2.56E-05
非時藥,3,2.56E-05
聽教,3,2.56E-05
闇誦,3,2.56E-05
大沙門,3,2.56E-05
人因,3,2.56E-05
一門,3,2.56E-05
出體,3,2.56E-05
執持,3,2.56E-05
在家出家,3,2.56E-05
外塵,2,1.70E-05
阿摩,2,1.70E-05
惡趣,2,1.70E-05
五結,2,1.70E-05
熱惱,2,1.70E-05
五穀,2,1.70E-05
惡語,2,1.70E-05
僧伽跋摩,2,1.70E-05
二離,2,1.70E-05
十法,2,1.70E-05
福行,2,1.70E-05
八聖,2,1.70E-05
五相,2,1.70E-05
六處,2,1.70E-05
無著,2,1.70E-05
道要,2,1.70E-05
四儀,2,1.70E-05
頂禮,2,1.70E-05
十指,2,1.70E-05
頭面作禮,2,1.70E-05
不與取,2,1.70E-05
古德,2,1.70E-05
象鼻,2,1.70E-05
長世,2,1.70E-05
二聖,2,1.70E-05
何耶,2,1.70E-05
五逆罪,2,1.70E-05
神我,2,1.70E-05
希法,2,1.70E-05
大嚫,2,1.70E-05
運心,2,1.70E-05
惡鬼,2,1.70E-05
毘尼藏,2,1.70E-05
五更,2,1.70E-05
五時,2,1.70E-05
提舍那,2,1.70E-05
五果,2,1.70E-05
二見,2,1.70E-05
大士,2,1.70E-05
二識,2,1.70E-05
調伏法,2,1.70E-05
空有,2,1.70E-05
戒足,2,1.70E-05
福道,2,1.70E-05
二輪,2,1.70E-05
央掘,2,1.70E-05
金翅鳥,2,1.70E-05
五師,2,1.70E-05
大悲,2,1.70E-05
戀著,2,1.70E-05
剃頭,2,1.70E-05
鴿,2,1.70E-05
大慈,2,1.70E-05
白月,2,1.70E-05
深信,2,1.70E-05
無言,2,1.70E-05
說示,2,1.70E-05
明師,2,1.70E-05
五塵,2,1.70E-05
非色非心,2,1.70E-05
明得,2,1.70E-05
三時教,2,1.70E-05
僧俗,2,1.70E-05
羯磨疏,2,1.70E-05
羯磨阿闍梨,2,1.70E-05
慧眼,2,1.70E-05
二無我,2,1.70E-05
法供養,2,1.70E-05
報身,2,1.70E-05
落髮,2,1.70E-05
身子,2,1.70E-05
祇樹,2,1.70E-05
五住,2,1.70E-05
深妙,2,1.70E-05
佛滅度,2,1.70E-05
四姓,2,1.70E-05
外法,2,1.70E-05
並起,2,1.70E-05
塵境,2,1.70E-05
我慢,2,1.70E-05
深坑,2,1.70E-05
僧寶,2,1.70E-05
大集經,2,1.70E-05
萬行,2,1.70E-05
我有,2,1.70E-05
陰界,2,1.70E-05
妙法,2,1.70E-05
下眾,2,1.70E-05
種智,2,1.70E-05
惡眾生,2,1.70E-05
菩薩行,2,1.70E-05
見論,2,1.70E-05
唄讚,2,1.70E-05
優婆塞戒,2,1.70E-05
繫著,2,1.70E-05
狐,2,1.70E-05
見行,2,1.70E-05
消滅,2,1.70E-05
上足,2,1.70E-05
蒲闍尼,2,1.70E-05
性罪,2,1.70E-05
上肩,2,1.70E-05
三障,2,1.70E-05
蘇油,2,1.70E-05
梵音,2,1.70E-05
業行,2,1.70E-05
兜羅,2,1.70E-05
迴向,2,1.70E-05
正法律,2,1.70E-05
悟道,2,1.70E-05
九十六種外道,2,1.70E-05
壽者,2,1.70E-05
羅睺,2,1.70E-05
淨住,2,1.70E-05
中根,2,1.70E-05
樂天,2,1.70E-05
摩耶經,2,1.70E-05
寶華,2,1.70E-05
要道,2,1.70E-05
無作色,2,1.70E-05
羅網,2,1.70E-05
造塔,2,1.70E-05
赤色,2,1.70E-05
清白,2,1.70E-05
要術,2,1.70E-05
餘念,2,1.70E-05
吉利,2,1.70E-05
微塵,2,1.70E-05
性分,2,1.70E-05
震嶺,2,1.70E-05
禪法,2,1.70E-05
道門,2,1.70E-05
三點,2,1.70E-05
上士,2,1.70E-05
佛日,2,1.70E-05
凡福,2,1.70E-05
八部,2,1.70E-05
大品,2,1.70E-05
所量,2,1.70E-05
著心,2,1.70E-05
專行,2,1.70E-05
石女,2,1.70E-05
因人,2,1.70E-05
中草,2,1.70E-05
應本,2,1.70E-05
先陳,2,1.70E-05
佛殿,2,1.70E-05
見取,2,1.70E-05
沙彌威儀,2,1.70E-05
希有,2,1.70E-05
唄匿,2,1.70E-05
醍醐,2,1.70E-05
梵志,2,1.70E-05
八關齋,2,1.70E-05
經生,2,1.70E-05
囑累,2,1.70E-05
小乘經,2,1.70E-05
清信女,2,1.70E-05
油鉢,2,1.70E-05
眾生說,2,1.70E-05
見大,2,1.70E-05
高顯處,2,1.70E-05
解行,2,1.70E-05
糞除,2,1.70E-05
依地,2,1.70E-05
般若,2,1.70E-05
須陀洹,2,1.70E-05
師子座,2,1.70E-05
夫人,2,1.70E-05
未離欲,2,1.70E-05
快樂,2,1.70E-05
二種僧,2,1.70E-05
禪病,2,1.70E-05
八聖道,2,1.70E-05
佛使,2,1.70E-05
用大,2,1.70E-05
知見,2,1.70E-05
禪經,2,1.70E-05
禪戒,2,1.70E-05
補處,2,1.70E-05
愛著,2,1.70E-05
婆藪,2,1.70E-05
繫縛,2,1.70E-05
九十單墮,2,1.70E-05
佛化,2,1.70E-05
巨磨,2,1.70E-05
佛德,2,1.70E-05
極惡,2,1.70E-05
力生,2,1.70E-05
七寶塔,2,1.70E-05
應器,2,1.70E-05
非梵行,2,1.70E-05
惡世,2,1.70E-05
戒力,2,1.70E-05
善業,2,1.70E-05
二六,2,1.70E-05
月光,2,1.70E-05
攝僧界,2,1.70E-05
財施,2,1.70E-05
魔梵,2,1.70E-05
女情,2,1.70E-05
蓮華色尼,2,1.70E-05
分別功德論,2,1.70E-05
二如,2,1.70E-05
初果,2,1.70E-05
顯露,2,1.70E-05
行化,2,1.70E-05
二字,2,1.70E-05
觀佛,2,1.70E-05
道一,2,1.70E-05
九流,2,1.70E-05
不空,2,1.70E-05
我見,2,1.70E-05
長鉢,2,1.70E-05
外護,2,1.70E-05
大菩薩,2,1.70E-05
六大,2,1.70E-05
真諦,2,1.70E-05
我聞,2,1.70E-05
道場,2,1.70E-05
天道,2,1.70E-05
大願,2,1.70E-05
真要,2,1.70E-05
兜率天,2,1.70E-05
無價,2,1.70E-05
齋日,2,1.70E-05
六受,2,1.70E-05
道德,2,1.70E-05
五位,2,1.70E-05
死人衣,2,1.70E-05
尊像,2,1.70E-05
萬善,2,1.70E-05
有主物,2,1.70E-05
宗體,2,1.70E-05
五食,2,1.70E-05
念念,2,1.70E-05
福智,2,1.70E-05
聲聞僧,2,1.70E-05
鉢多羅,2,1.70E-05
六方,2,1.70E-05
七羯磨,2,1.70E-05
無性,2,1.70E-05
萬境,2,1.70E-05
無愧,2,1.70E-05
善人,2,1.70E-05
重如,2,1.70E-05
五邪,2,1.70E-05
惡性,2,1.70E-05
不害,2,1.70E-05
師匠,2,1.70E-05
五身,2,1.70E-05
善友,2,1.70E-05
善利,2,1.70E-05
五轉,2,1.70E-05
無礙,2,1.70E-05
道力,2,1.70E-05
宗要,2,1.70E-05
十住論,2,1.70E-05
五見,2,1.70E-05
二果,2,1.70E-05
漉水囊,2,1.70E-05
四種人,2,1.70E-05
六眾,2,1.70E-05
無生,2,1.70E-05
安心,2,1.70E-05
僧齋,2,1.70E-05
部多,2,1.70E-05
愛恚,2,1.70E-05
二檀,2,1.70E-05
孔雀,2,1.70E-05
謦咳,2,1.70E-05
安詳,2,1.70E-05
五色,2,1.70E-05
愛敬,2,1.70E-05
燈明,2,1.70E-05
死海,2,1.70E-05
行果,2,1.70E-05
明處,2,1.70E-05
三從,2,1.70E-05
聽眾,2,1.70E-05
勝義,2,1.70E-05
形色,2,1.70E-05
律懺,2,1.70E-05
三學,2,1.70E-05
內外道,2,1.70E-05
三境,2,1.70E-05
三報,2,1.70E-05
三天,2,1.70E-05
一成,2,1.70E-05
三因,2,1.70E-05
經文,2,1.70E-05
受齋,2,1.70E-05
經教,2,1.70E-05
淨土,2,1.70E-05
一持,2,1.70E-05
頌,2,1.70E-05
三和,2,1.70E-05
獨秉,2,1.70E-05
淨命,2,1.70E-05
生死海,2,1.70E-05
有待,2,1.70E-05
那含,2,1.70E-05
三修,2,1.70E-05
十二因緣,2,1.70E-05
果名,2,1.70E-05
摩觸戒,2,1.70E-05
解脫門,2,1.70E-05
葬法,2,1.70E-05
空無我,2,1.70E-05
開遮,2,1.70E-05
眾務,2,1.70E-05
緣法,2,1.70E-05
獨柯多,2,1.70E-05
四月八日,2,1.70E-05
三聚戒,2,1.70E-05
結夏,2,1.70E-05
異相,2,1.70E-05
俱夜羅,2,1.70E-05
轉輪聖王,2,1.70E-05
果相,2,1.70E-05
文字,2,1.70E-05
無倒,2,1.70E-05
第三分,2,1.70E-05
轉法輪日,2,1.70E-05
三水,2,1.70E-05
三檀,2,1.70E-05
人鬼,2,1.70E-05
一形,2,1.70E-05
南無佛,2,1.70E-05
一山,2,1.70E-05
喜樂,2,1.70E-05
報緣,2,1.70E-05
鉢多,2,1.70E-05
摩摩帝,2,1.70E-05
自然得,2,1.70E-05
果頭,2,1.70E-05
越罪,2,1.70E-05
欲取,2,1.70E-05
常念,2,1.70E-05
浮囊,2,1.70E-05
善見論,2,1.70E-05
法成就,2,1.70E-05
信女,2,1.70E-05
華色,2,1.70E-05
忉利,2,1.70E-05
芥子,2,1.70E-05
理事,2,1.70E-05
心戒,2,1.70E-05
心所,2,1.70E-05
他寶,2,1.70E-05
義解,2,1.70E-05
憍陳如,2,1.70E-05
食界,2,1.70E-05
妄見,2,1.70E-05
心智,2,1.70E-05
法集,2,1.70E-05
言依,2,1.70E-05
四向,2,1.70E-05
四取,2,1.70E-05
生起,2,1.70E-05
須陀,2,1.70E-05
犛牛,2,1.70E-05
當來,2,1.70E-05
堅牢,2,1.70E-05
鈴,2,1.70E-05
小妄語,2,1.70E-05
法藏,2,1.70E-05
信行,2,1.70E-05
四果,2,1.70E-05
食堂,2,1.70E-05
尼比丘,2,1.70E-05
秉持,2,1.70E-05
處中,2,1.70E-05
苦空,2,1.70E-05
還俗,2,1.70E-05
禪人,2,1.70E-05
相續心,2,1.70E-05
四意,2,1.70E-05
敬愛,2,1.70E-05
珊瑚,2,1.70E-05
教興,2,1.70E-05
決了,2,1.70E-05
華手經,2,1.70E-05
隨分,2,1.70E-05
二吉羅,2,1.70E-05
他緣,2,1.70E-05
衣寶,2,1.70E-05
寺院,2,1.70E-05
道共戒,2,1.70E-05
病苦,2,1.70E-05
四病,2,1.70E-05
色身,2,1.70E-05
名聲,2,1.70E-05
本有,2,1.70E-05
三善根,2,1.70E-05
護身,2,1.70E-05
鸚鵡,2,1.70E-05
黑白,2,1.70E-05
散亂,2,1.70E-05
言教,2,1.70E-05
四威儀,2,1.70E-05
厥修羅,2,1.70E-05
名身,2,1.70E-05
淨飯王,2,1.70E-05
堅固,2,1.70E-05
伊,2,1.70E-05
自歸,2,1.70E-05
自殺,2,1.70E-05
正心,2,1.70E-05
佛世尊,2,1.70E-05
法寶,2,1.70E-05
修學,2,1.70E-05
愚夫,2,1.70E-05
和合僧,2,1.70E-05
水塵,2,1.70E-05
竭支,2,1.70E-05
誦戒本,2,1.70E-05
生像,2,1.70E-05
色界,2,1.70E-05
色相,2,1.70E-05
地水火風空,2,1.70E-05
法力,2,1.70E-05
陀羅,2,1.70E-05
水囊,2,1.70E-05
當頭,2,1.70E-05
來迎,2,1.70E-05
色法,2,1.70E-05
觝突,2,1.70E-05
須彌,2,1.70E-05
息世譏嫌戒,2,1.70E-05
苦言,2,1.70E-05
言行,2,1.70E-05
法位,2,1.70E-05
分衛,2,1.70E-05
四道,2,1.70E-05
名欲,2,1.70E-05
破羯磨僧,2,1.70E-05
央掘經,2,1.70E-05
本行,2,1.70E-05
六群比丘,2,1.70E-05
畫水,2,1.70E-05
右繞,2,1.70E-05
柯羅,2,1.70E-05
輪轉,2,1.70E-05
法網,2,1.70E-05
教一,2,1.70E-05
水精,2,1.70E-05
罪根,2,1.70E-05
出家功德經,2,1.70E-05
華手,2,1.70E-05
王舍城,2,1.70E-05
次第乞食,2,1.70E-05
臘次,2,1.70E-05
愚惑,2,1.70E-05
妄語戒,2,1.70E-05
罪性,2,1.70E-05
金翅,2,1.70E-05
定戒,2,1.70E-05
七善,2,1.70E-05
善來比丘,2,1.70E-05
法流,2,1.70E-05
九入,2,1.70E-05
義理,2,1.70E-05
像經,2,1.70E-05
同味,2,1.70E-05
正果,2,1.70E-05
妄緣,2,1.70E-05
三世諸佛,2,1.70E-05
離生,2,1.70E-05
三解脫門,2,1.70E-05
覆鉢,2,1.70E-05
闍維,2,1.70E-05
法本,2,1.70E-05
二十五條,2,1.70E-05
利樂,2,1.70E-05
舍那,2,1.70E-05
偷盜,2,1.70E-05
立教,2,1.70E-05
人樹,2,1.70E-05
受別,2,1.70E-05
懺除,2,1.70E-05
泥犁,2,1.70E-05
五百問事,2,1.70E-05
依止阿闍梨,2,1.70E-05
惡取空,2,1.70E-05
四波羅夷,2,1.70E-05
求車,2,1.70E-05
相空,2,1.70E-05
業體,2,1.70E-05
三部,2,1.70E-05
執事,2,1.70E-05
求那,2,1.70E-05
時眾,2,1.70E-05
智力,2,1.70E-05
相承,2,1.70E-05
三識,2,1.70E-05
舍樓伽,2,1.70E-05
壞色衣,2,1.70E-05
制多,2,1.70E-05
退沒,2,1.70E-05
三能,2,1.70E-05
雙林,2,1.70E-05
家家,2,1.70E-05
寄附,2,1.70E-05
諸仙,2,1.70E-05
利他,2,1.70E-05
出聖,2,1.70E-05
命者,2,1.70E-05
付法,2,1.70E-05
漏戒,2,1.70E-05
紹隆,2,1.70E-05
偷婆,2,1.70E-05
一體,2,1.70E-05
人師,2,1.70E-05
解界法,2,1.70E-05
七種衣,2,1.70E-05
一麥,2,1.70E-05
旃陀羅,2,1.70E-05
漏盡,2,1.70E-05
一遍,2,1.70E-05
勝處,2,1.70E-05
兩業,2,1.70E-05
忉利天,2,1.70E-05
慧學,1,8.52E-06
空三昧,1,8.52E-06
宗義,1,8.52E-06
五百世,1,8.52E-06
行住坐臥,1,8.52E-06
無足,1,8.52E-06
觀法,1,8.52E-06
祇夜,1,8.52E-06
依止師,1,8.52E-06
三佛陀,1,8.52E-06
色空外道,1,8.52E-06
施惠,1,8.52E-06
多瞋,1,8.52E-06
身根,1,8.52E-06
肉身,1,8.52E-06
十業,1,8.52E-06
塵欲,1,8.52E-06
娑羅王,1,8.52E-06
慧心,1,8.52E-06
二門,1,8.52E-06
拔苦與樂,1,8.52E-06
戒門,1,8.52E-06
二障,1,8.52E-06
沙彌戒經,1,8.52E-06
阿耨達,1,8.52E-06
無諍,1,8.52E-06
校量,1,8.52E-06
誓言,1,8.52E-06
般泥洹經,1,8.52E-06
世福,1,8.52E-06
觀樹,1,8.52E-06
滿荼邏,1,8.52E-06
伽胝,1,8.52E-06
智慧念佛,1,8.52E-06
外儀,1,8.52E-06
道觀,1,8.52E-06
不共相,1,8.52E-06
欲界繫,1,8.52E-06
結解,1,8.52E-06
漸斷,1,8.52E-06
戒香,1,8.52E-06
一切經,1,8.52E-06
無餘涅槃,1,8.52E-06
真如,1,8.52E-06
通受,1,8.52E-06
大羅漢,1,8.52E-06
弗婆提,1,8.52E-06
淨巾,1,8.52E-06
難行,1,8.52E-06
式叉迦羅尼,1,8.52E-06
至教,1,8.52E-06
百一眾具,1,8.52E-06
阿梨,1,8.52E-06
八解,1,8.52E-06
娑羅,1,8.52E-06
行陰,1,8.52E-06
增戒學,1,8.52E-06
十教,1,8.52E-06
五滓,1,8.52E-06
五百年,1,8.52E-06
小遠,1,8.52E-06
頭陀行,1,8.52E-06
物機,1,8.52E-06
一切智,1,8.52E-06
天堂,1,8.52E-06
二苦,1,8.52E-06
神我外道,1,8.52E-06
譬喻經,1,8.52E-06
手輪,1,8.52E-06
行足,1,8.52E-06
誓願,1,8.52E-06
五樂,1,8.52E-06
八波羅夷,1,8.52E-06
跋闍,1,8.52E-06
真儀,1,8.52E-06
三上座,1,8.52E-06
安息,1,8.52E-06
空法,1,8.52E-06
宗極,1,8.52E-06
八正道,1,8.52E-06
五根,1,8.52E-06
自恣日,1,8.52E-06
八遮,1,8.52E-06
百日,1,8.52E-06
六難,1,8.52E-06
肥膩,1,8.52E-06
大寶,1,8.52E-06
大寺,1,8.52E-06
根性,1,8.52E-06
惡露,1,8.52E-06
道風,1,8.52E-06
明慧,1,8.52E-06
講經,1,8.52E-06
四部律,1,8.52E-06
集智,1,8.52E-06
無際,1,8.52E-06
往還衣,1,8.52E-06
玄門,1,8.52E-06
羅剎女,1,8.52E-06
邪命說法,1,8.52E-06
內院,1,8.52E-06
戒身,1,8.52E-06
五持,1,8.52E-06
轉輪高座,1,8.52E-06
絕大,1,8.52E-06
指印,1,8.52E-06
僧秉,1,8.52E-06
五意,1,8.52E-06
五度,1,8.52E-06
量果,1,8.52E-06
天樂,1,8.52E-06
大我,1,8.52E-06
破正命,1,8.52E-06
齋食,1,8.52E-06
上草,1,8.52E-06
五律,1,8.52E-06
空定,1,8.52E-06
根境,1,8.52E-06
神力,1,8.52E-06
觀作,1,8.52E-06
薩婆多部,1,8.52E-06
說經,1,8.52E-06
恭敬經,1,8.52E-06
外空,1,8.52E-06
空大,1,8.52E-06
藥師,1,8.52E-06
十仙,1,8.52E-06
五寶,1,8.52E-06
幻法,1,8.52E-06
入王宮聚落衣,1,8.52E-06
長日,1,8.52E-06
最勝人,1,8.52E-06
陶家輪,1,8.52E-06
女色,1,8.52E-06
體法,1,8.52E-06
爪淨,1,8.52E-06
大樹,1,8.52E-06
白毫,1,8.52E-06
幻惑,1,8.52E-06
安忍,1,8.52E-06
長者子,1,8.52E-06
白檀,1,8.52E-06
灌頂,1,8.52E-06
樓至佛,1,8.52E-06
五味,1,8.52E-06
非時食戒,1,8.52E-06
五善,1,8.52E-06
五力,1,8.52E-06
觀察正行,1,8.52E-06
外用,1,8.52E-06
取相,1,8.52E-06
資生,1,8.52E-06
依怙,1,8.52E-06
幻有,1,8.52E-06
邪道,1,8.52E-06
兔,1,8.52E-06
紫金,1,8.52E-06
引聲,1,8.52E-06
施化,1,8.52E-06
體空,1,8.52E-06
五戒法,1,8.52E-06
知浮法,1,8.52E-06
三千大千世界,1,8.52E-06
觀心,1,8.52E-06
九道,1,8.52E-06
天祠,1,8.52E-06
十夜,1,8.52E-06
墳,1,8.52E-06
渴愛,1,8.52E-06
至心,1,8.52E-06
佛藏經,1,8.52E-06
四種色,1,8.52E-06
香為佛使,1,8.52E-06
闍王,1,8.52E-06
近住,1,8.52E-06
十對,1,8.52E-06
百喻經,1,8.52E-06
僧祇戒本,1,8.52E-06
真教,1,8.52E-06
稽首,1,8.52E-06
我想,1,8.52E-06
十力,1,8.52E-06
十劫,1,8.52E-06
現通,1,8.52E-06
大種,1,8.52E-06
塵垢,1,8.52E-06
端嚴,1,8.52E-06
尸迦羅越六方禮經,1,8.52E-06
身入,1,8.52E-06
通教,1,8.52E-06
深入,1,8.52E-06
一切智藏,1,8.52E-06
輪燈,1,8.52E-06
慧思,1,8.52E-06
周羅,1,8.52E-06
念著,1,8.52E-06
慢使,1,8.52E-06
身器,1,8.52E-06
思大,1,8.52E-06
別時意,1,8.52E-06
取果,1,8.52E-06
十地,1,8.52E-06
親緣,1,8.52E-06
通戒,1,8.52E-06
晨朝,1,8.52E-06
體用,1,8.52E-06
十名,1,8.52E-06
慧日,1,8.52E-06
八十四法,1,8.52E-06
逆順,1,8.52E-06
跋難陀,1,8.52E-06
識界,1,8.52E-06
常住二字,1,8.52E-06
見至,1,8.52E-06
睒彌,1,8.52E-06
圓輪,1,8.52E-06
五綵幡,1,8.52E-06
請賓頭盧,1,8.52E-06
駱駝坐,1,8.52E-06
摩尼,1,8.52E-06
付法藏傳,1,8.52E-06
辯才,1,8.52E-06
地了,1,8.52E-06
性惡,1,8.52E-06
去來今,1,8.52E-06
慧觀,1,8.52E-06
互用罪,1,8.52E-06
振鈴,1,8.52E-06
善法罵,1,8.52E-06
施無厭,1,8.52E-06
再請,1,8.52E-06
乞食十利,1,8.52E-06
對機,1,8.52E-06
迦毘羅,1,8.52E-06
堪忍,1,8.52E-06
禪齋,1,8.52E-06
毛孔,1,8.52E-06
震旦,1,8.52E-06
十方世界,1,8.52E-06
駱駝山,1,8.52E-06
下種,1,8.52E-06
論議,1,8.52E-06
意樂,1,8.52E-06
自覺,1,8.52E-06
眾生心,1,8.52E-06
樓至,1,8.52E-06
隨自,1,8.52E-06
火珠,1,8.52E-06
性相,1,8.52E-06
火爐,1,8.52E-06
財供養,1,8.52E-06
住持三寶,1,8.52E-06
觀想,1,8.52E-06
釋侶,1,8.52E-06
方所,1,8.52E-06
富那奇,1,8.52E-06
優填王,1,8.52E-06
見道,1,8.52E-06
若那,1,8.52E-06
流沙,1,8.52E-06
流注,1,8.52E-06
業苦,1,8.52E-06
舍利弗問經,1,8.52E-06
第一義,1,8.52E-06
中實,1,8.52E-06
解脫戒,1,8.52E-06
乳糜,1,8.52E-06
中天,1,8.52E-06
捨羅,1,8.52E-06
先世,1,8.52E-06
樂果,1,8.52E-06
第一義諦,1,8.52E-06
解了,1,8.52E-06
中因,1,8.52E-06
盡壽藥,1,8.52E-06
地內,1,8.52E-06
波斯,1,8.52E-06
無因果外道,1,8.52E-06
禪行,1,8.52E-06
小妄語戒,1,8.52E-06
竹葦,1,8.52E-06
事觀,1,8.52E-06
結賊,1,8.52E-06
彼岸,1,8.52E-06
地前,1,8.52E-06
露地坐,1,8.52E-06
梵釋,1,8.52E-06
叉手,1,8.52E-06
鬼子母,1,8.52E-06
性空,1,8.52E-06
說四依,1,8.52E-06
十二部經,1,8.52E-06
龕,1,8.52E-06
劫初,1,8.52E-06
能行者,1,8.52E-06
闥婆,1,8.52E-06
等觀,1,8.52E-06
遠離處,1,8.52E-06
高僧傳,1,8.52E-06
滅相,1,8.52E-06
驅烏沙彌,1,8.52E-06
應護,1,8.52E-06
唯識無境,1,8.52E-06
多陀阿伽度,1,8.52E-06
滅理,1,8.52E-06
骨人,1,8.52E-06
娑,1,8.52E-06
歌唄,1,8.52E-06
驅烏,1,8.52E-06
無常院,1,8.52E-06
非天,1,8.52E-06
到岸,1,8.52E-06
等身,1,8.52E-06
貫華,1,8.52E-06
轉欲,1,8.52E-06
應身,1,8.52E-06
正法念經,1,8.52E-06
平等心,1,8.52E-06
己利,1,8.52E-06
味著,1,8.52E-06
波羅夜質胝柯,1,8.52E-06
珂貝,1,8.52E-06
意成,1,8.52E-06
大千,1,8.52E-06
田衣,1,8.52E-06
發遣,1,8.52E-06
先生,1,8.52E-06
阿梨耶,1,8.52E-06
六和敬,1,8.52E-06
無所著,1,8.52E-06
禿人,1,8.52E-06
佛見,1,8.52E-06
瞋毒,1,8.52E-06
書寫,1,8.52E-06
德海,1,8.52E-06
四恩,1,8.52E-06
會得,1,8.52E-06
自餓外道,1,8.52E-06
合用,1,8.52E-06
冥諦,1,8.52E-06
塚間坐,1,8.52E-06
會座,1,8.52E-06
塵網,1,8.52E-06
要言,1,8.52E-06
先業,1,8.52E-06
仁王經,1,8.52E-06
常住僧物,1,8.52E-06
污戒,1,8.52E-06
佛陀,1,8.52E-06
性善,1,8.52E-06
定共戒,1,8.52E-06
牛車,1,8.52E-06
究竟位,1,8.52E-06
地種,1,8.52E-06
地結,1,8.52E-06
難陀,1,8.52E-06
德生,1,8.52E-06
性具,1,8.52E-06
供養第一,1,8.52E-06
傀儡子,1,8.52E-06
德瓶,1,8.52E-06
性得,1,8.52E-06
雜緣,1,8.52E-06
等至,1,8.52E-06
眾生根,1,8.52E-06
火大,1,8.52E-06
六齋日,1,8.52E-06
赤衣,1,8.52E-06
樹下坐,1,8.52E-06
觸境,1,8.52E-06
寶雲,1,8.52E-06
地界,1,8.52E-06
寶階,1,8.52E-06
第五大,1,8.52E-06
印可,1,8.52E-06
持名,1,8.52E-06
甘露,1,8.52E-06
持地,1,8.52E-06
無上菩提,1,8.52E-06
善親友,1,8.52E-06
沓婆,1,8.52E-06
轉輪王,1,8.52E-06
月燈三昧,1,8.52E-06
意解,1,8.52E-06
摩頭,1,8.52E-06
意見,1,8.52E-06
佛智,1,8.52E-06
四無色,1,8.52E-06
闇室,1,8.52E-06
意識,1,8.52E-06
梵住,1,8.52E-06
佛果,1,8.52E-06
中論,1,8.52E-06
末利,1,8.52E-06
曇摩,1,8.52E-06
我事,1,8.52E-06
地水火風空識,1,8.52E-06
中觀,1,8.52E-06
仰食,1,8.52E-06
德護,1,8.52E-06
佛海,1,8.52E-06
化制二教,1,8.52E-06
竹園,1,8.52E-06
等慈,1,8.52E-06
禪室,1,8.52E-06
門標,1,8.52E-06
驅龍,1,8.52E-06
諸欲,1,8.52E-06
極地,1,8.52E-06
等持,1,8.52E-06
弘法,1,8.52E-06
無常磬,1,8.52E-06
微密,1,8.52E-06
應文,1,8.52E-06
廣博,1,8.52E-06
師子王,1,8.52E-06
菩薩僧,1,8.52E-06
相應心,1,8.52E-06
入眾衣,1,8.52E-06
四無量,1,8.52E-06
樂受,1,8.52E-06
見分,1,8.52E-06
邊罪難,1,8.52E-06
明教,1,8.52E-06
優婆提舍,1,8.52E-06
六聚罪,1,8.52E-06
有邊,1,8.52E-06
力士,1,8.52E-06
梵壇,1,8.52E-06
思益經,1,8.52E-06
細心,1,8.52E-06
莊嚴論,1,8.52E-06
見地,1,8.52E-06
論偈,1,8.52E-06
飛行,1,8.52E-06
上供,1,8.52E-06
生老病死,1,8.52E-06
薩偷羅,1,8.52E-06
求那跋摩,1,8.52E-06
變化,1,8.52E-06
中陰,1,8.52E-06
導引,1,8.52E-06
清信士,1,8.52E-06
寶珠,1,8.52E-06
教授阿闍梨,1,8.52E-06
末世,1,8.52E-06
梵唄,1,8.52E-06
一闡提,1,8.52E-06
十四種色,1,8.52E-06
三供養,1,8.52E-06
孝養,1,8.52E-06
羅睺羅,1,8.52E-06
見得,1,8.52E-06
寶相,1,8.52E-06
所詮,1,8.52E-06
詐現異相,1,8.52E-06
忍辱,1,8.52E-06
顯明,1,8.52E-06
論家,1,8.52E-06
三十三天,1,8.52E-06
色無色天計涅槃外道,1,8.52E-06
瞿陀尼,1,8.52E-06
故苦,1,8.52E-06
黃葉,1,8.52E-06
下間,1,8.52E-06
樂修,1,8.52E-06
菩薩戒,1,8.52E-06
圓滿,1,8.52E-06
護法心,1,8.52E-06
言斷,1,8.52E-06
野干,1,8.52E-06
貪結,1,8.52E-06
香案,1,8.52E-06
般泥洹,1,8.52E-06
八萬四,1,8.52E-06
阿那律,1,8.52E-06
道體,1,8.52E-06
應人,1,8.52E-06
寶積經,1,8.52E-06
疥癩野干,1,8.52E-06
二種常,1,8.52E-06
心精進,1,8.52E-06
梵摩,1,8.52E-06
觀照,1,8.52E-06
成就四法,1,8.52E-06
新歲經,1,8.52E-06
叫喚地獄,1,8.52E-06
圓果,1,8.52E-06
廁孔,1,8.52E-06
宿因,1,8.52E-06
佛供,1,8.52E-06
梵本,1,8.52E-06
閑處,1,8.52E-06
五法人,1,8.52E-06
宿債,1,8.52E-06
一由旬,1,8.52E-06
知論,1,8.52E-06
五正食,1,8.52E-06
生得定,1,8.52E-06
論用,1,8.52E-06
業果,1,8.52E-06
牒文,1,8.52E-06
事惑,1,8.52E-06
受記,1,8.52E-06
佛土,1,8.52E-06
仁王,1,8.52E-06
別解脫戒,1,8.52E-06
諍論,1,8.52E-06
閻羅,1,8.52E-06
業成,1,8.52E-06
佛光,1,8.52E-06
禪杖,1,8.52E-06
五正色,1,8.52E-06
順生,1,8.52E-06
逆流,1,8.52E-06
業性,1,8.52E-06
懸香,1,8.52E-06
無所得,1,8.52E-06
持齋,1,8.52E-06
歌聲,1,8.52E-06
佛印,1,8.52E-06
數識,1,8.52E-06
過去佛,1,8.52E-06
流轉,1,8.52E-06
五八十具,1,8.52E-06
廣教,1,8.52E-06
證法,1,8.52E-06
割縷淨,1,8.52E-06
羯磨戒師,1,8.52E-06
末流,1,8.52E-06
方詣,1,8.52E-06
寶像,1,8.52E-06
法滅盡經,1,8.52E-06
蛾,1,8.52E-06
寶器,1,8.52E-06
圓照,1,8.52E-06
悲華經,1,8.52E-06
腐爛藥,1,8.52E-06
佛境,1,8.52E-06
佛奴,1,8.52E-06
佛天,1,8.52E-06
極成,1,8.52E-06
門師,1,8.52E-06
五慳,1,8.52E-06
忍土,1,8.52E-06
梵王,1,8.52E-06
失念,1,8.52E-06
佛寶,1,8.52E-06
佛家,1,8.52E-06
戒取,1,8.52E-06
戒印,1,8.52E-06
魔民,1,8.52E-06
六位,1,8.52E-06
天識,1,8.52E-06
二部戒本,1,8.52E-06
二八,1,8.52E-06
行堂,1,8.52E-06
稠林,1,8.52E-06
九想,1,8.52E-06
口四,1,8.52E-06
二利,1,8.52E-06
體解,1,8.52E-06
行學,1,8.52E-06
真道,1,8.52E-06
內供,1,8.52E-06
念經,1,8.52E-06
二善,1,8.52E-06
共法,1,8.52E-06
遮制,1,8.52E-06
簡別,1,8.52E-06
愛念,1,8.52E-06
二學,1,8.52E-06
大藏,1,8.52E-06
梵天法,1,8.52E-06
白蓋,1,8.52E-06
行入,1,8.52E-06
戒學,1,8.52E-06
行儀,1,8.52E-06
隨經律,1,8.52E-06
情塵,1,8.52E-06
二女,1,8.52E-06
汙,1,8.52E-06
中著衣,1,8.52E-06
大車,1,8.52E-06
總相,1,8.52E-06
威德,1,8.52E-06
別依,1,8.52E-06
重翻,1,8.52E-06
華嚴經,1,8.52E-06
大身,1,8.52E-06
夢虎,1,8.52E-06
善知識,1,8.52E-06
金剛界,1,8.52E-06
九漏,1,8.52E-06
如空,1,8.52E-06
說道,1,8.52E-06
通達,1,8.52E-06
罽膩吒王,1,8.52E-06
密藏,1,8.52E-06
道具,1,8.52E-06
諸法實相,1,8.52E-06
六度,1,8.52E-06
小僧,1,8.52E-06
惡念,1,8.52E-06
夏臘,1,8.52E-06
道化,1,8.52E-06
天食,1,8.52E-06
性重戒,1,8.52E-06
周那,1,8.52E-06
二種羯磨,1,8.52E-06
伽藍神,1,8.52E-06
即離,1,8.52E-06
法律經,1,8.52E-06
九瘡,1,8.52E-06
通論,1,8.52E-06
內庫,1,8.52E-06
九眾,1,8.52E-06
道品,1,8.52E-06
通覆,1,8.52E-06
惡報,1,8.52E-06
六方禮,1,8.52E-06
無安,1,8.52E-06
初禪,1,8.52E-06
無實,1,8.52E-06
舍衛城,1,8.52E-06
八師,1,8.52E-06
坐夏,1,8.52E-06
滅羯磨,1,8.52E-06
勝鬘經,1,8.52E-06
船師,1,8.52E-06
萬法,1,8.52E-06
界如,1,8.52E-06
道士,1,8.52E-06
大魚,1,8.52E-06
六味,1,8.52E-06
識外道,1,8.52E-06
念戒,1,8.52E-06
髮塔,1,8.52E-06
地持論,1,8.52E-06
罣礙,1,8.52E-06
長食,1,8.52E-06
無垢,1,8.52E-06
別報,1,8.52E-06
體露,1,8.52E-06
優波陀,1,8.52E-06
依通,1,8.52E-06
瞻波,1,8.52E-06
二世,1,8.52E-06
說聽,1,8.52E-06
不惜身命,1,8.52E-06
諷誦,1,8.52E-06
六凡,1,8.52E-06
嚏,1,8.52E-06
齋經,1,8.52E-06
別教,1,8.52E-06
多障,1,8.52E-06
身見,1,8.52E-06
十行,1,8.52E-06
六波,1,8.52E-06
念定,1,8.52E-06
道戒,1,8.52E-06
二王,1,8.52E-06
八支,1,8.52E-06
深行,1,8.52E-06
順流,1,8.52E-06
十身,1,8.52E-06
道教,1,8.52E-06
五體,1,8.52E-06
罽賓,1,8.52E-06
阿若,1,8.52E-06
六欲,1,8.52E-06
難思,1,8.52E-06
道服,1,8.52E-06
吒王,1,8.52E-06
死相,1,8.52E-06
二益,1,8.52E-06
俗流,1,8.52E-06
恒沙,1,8.52E-06
萬劫,1,8.52E-06
燈籠,1,8.52E-06
福業,1,8.52E-06
阿耨,1,8.52E-06
念僧,1,8.52E-06
五陰,1,8.52E-06
明達,1,8.52E-06
二福,1,8.52E-06
身苦,1,8.52E-06
二礙,1,8.52E-06
惡果,1,8.52E-06
戒禁,1,8.52E-06
結業,1,8.52E-06
八水,1,8.52E-06
小機,1,8.52E-06
達池,1,8.52E-06
須菩提,1,8.52E-06
作佛事,1,8.52E-06
剋終,1,8.52E-06
淨行者,1,8.52E-06
十號,1,8.52E-06
根門,1,8.52E-06
道水,1,8.52E-06
無愛,1,8.52E-06
別業,1,8.52E-06
死緣,1,8.52E-06
內明,1,8.52E-06
威神,1,8.52E-06
八支齋,1,8.52E-06
截頭,1,8.52E-06
證得,1,8.52E-06
深藏,1,8.52E-06
五通,1,8.52E-06
萬字,1,8.52E-06
五道,1,8.52E-06
舍婆提,1,8.52E-06
現報,1,8.52E-06
已生,1,8.52E-06
內空,1,8.52E-06
一切處,1,8.52E-06
五輪,1,8.52E-06
一切世間,1,8.52E-06
二愚,1,8.52E-06
初心,1,8.52E-06
根識,1,8.52E-06
九僧,1,8.52E-06
遮斷,1,8.52E-06
空行,1,8.52E-06
小王,1,8.52E-06
無上道,1,8.52E-06
十業道,1,8.52E-06
好照,1,8.52E-06
明證,1,8.52E-06
可中,1,8.52E-06
無量壽,1,8.52E-06
玄綱,1,8.52E-06
世語,1,8.52E-06
威怒,1,8.52E-06
二斷,1,8.52E-06
善因,1,8.52E-06
麈尾,1,8.52E-06
玄籍,1,8.52E-06
五識,1,8.52E-06
風刀,1,8.52E-06
情有,1,8.52E-06
齋主,1,8.52E-06
得戒沙彌,1,8.52E-06
五衰,1,8.52E-06
五行,1,8.52E-06
行滿,1,8.52E-06
遊化,1,8.52E-06
應法沙彌,1,8.52E-06
專精,1,8.52E-06
難經,1,8.52E-06
觀門,1,8.52E-06
初地,1,8.52E-06
欄楯,1,8.52E-06
粟散,1,8.52E-06
九孔,1,8.52E-06
行思,1,8.52E-06
五蓋,1,8.52E-06
行捨,1,8.52E-06
解脫知見,1,8.52E-06
神變,1,8.52E-06
五藏,1,8.52E-06
揣食,1,8.52E-06
五苦,1,8.52E-06
昏俗,1,8.52E-06
報得,1,8.52E-06
二求,1,8.52E-06
八篇,1,8.52E-06
直道,1,8.52E-06
僧鬘,1,8.52E-06
二滅,1,8.52E-06
無量劫,1,8.52E-06
界繫,1,8.52E-06
長衣過限戒,1,8.52E-06
戒海,1,8.52E-06
大寶積經,1,8.52E-06
僧伽胝,1,8.52E-06
五向,1,8.52E-06
尸陀,1,8.52E-06
大乘經,1,8.52E-06
過度,1,8.52E-06
百眾學,1,8.52E-06
一根,1,8.52E-06
良福田,1,8.52E-06
智藏,1,8.52E-06
舍勒,1,8.52E-06
一極,1,8.52E-06
長鉢過限戒,1,8.52E-06
聲處,1,8.52E-06
攝食界,1,8.52E-06
那律,1,8.52E-06
一滅,1,8.52E-06
百緣經,1,8.52E-06
三子,1,8.52E-06
周羅髮,1,8.52E-06
淨妙,1,8.52E-06
勝因,1,8.52E-06
淨天,1,8.52E-06
靜思,1,8.52E-06
三契,1,8.52E-06
罪福無主,1,8.52E-06
修多羅,1,8.52E-06
律海,1,8.52E-06
有學,1,8.52E-06
文理,1,8.52E-06
果人,1,8.52E-06
擁護,1,8.52E-06
曇無德,1,8.52E-06
入室,1,8.52E-06
波羅逸尼柯,1,8.52E-06
突瑟几理多,1,8.52E-06
給孤,1,8.52E-06
阿耨達池,1,8.52E-06
付財,1,8.52E-06
經架,1,8.52E-06
那先,1,8.52E-06
貧道,1,8.52E-06
因蘭,1,8.52E-06
三觀,1,8.52E-06
淨名,1,8.52E-06
生死流,1,8.52E-06
一會,1,8.52E-06
勤苦,1,8.52E-06
入空,1,8.52E-06
維口食,1,8.52E-06
喜受,1,8.52E-06
護淨經,1,8.52E-06
資糧,1,8.52E-06
智行,1,8.52E-06
覆藏他重罪戒,1,8.52E-06
藏教,1,8.52E-06
形身,1,8.52E-06
仁,1,8.52E-06
四邪命,1,8.52E-06
資緣,1,8.52E-06
三光,1,8.52E-06
六方禮經,1,8.52E-06
有對,1,8.52E-06
經戒,1,8.52E-06
二種常住,1,8.52E-06
淨信,1,8.52E-06
斷善根,1,8.52E-06
出生,1,8.52E-06
律相,1,8.52E-06
槃那寐,1,8.52E-06
迦師,1,8.52E-06
世間法,1,8.52E-06
父母恩,1,8.52E-06
醉婆羅門,1,8.52E-06
善戒經,1,8.52E-06
果分,1,8.52E-06
藏經,1,8.52E-06
違順,1,8.52E-06
文殊,1,8.52E-06
執著,1,8.52E-06
度生,1,8.52E-06
求寂,1,8.52E-06
異人,1,8.52E-06
自然外道,1,8.52E-06
三藏教,1,8.52E-06
觀佛三昧,1,8.52E-06
一燈,1,8.52E-06
胸行,1,8.52E-06
律禪,1,8.52E-06
一盲,1,8.52E-06
一真,1,8.52E-06
大乘戒,1,8.52E-06
多羅樹,1,8.52E-06
人界,1,8.52E-06
斷惑,1,8.52E-06
淨經,1,8.52E-06
闇心,1,8.52E-06
八萬四千,1,8.52E-06
三經,1,8.52E-06
殘果,1,8.52E-06
三結,1,8.52E-06
優填,1,8.52E-06
毫相,1,8.52E-06
淨籌,1,8.52E-06
一九,1,8.52E-06
闡提,1,8.52E-06
有分別,1,8.52E-06
佉陀食,1,8.52E-06
三等,1,8.52E-06
勝士,1,8.52E-06
釋迦牟尼,1,8.52E-06
眼根,1,8.52E-06
未曾有,1,8.52E-06
三福,1,8.52E-06
林葬,1,8.52E-06
入心,1,8.52E-06
諸色,1,8.52E-06
無常想,1,8.52E-06
輕觸,1,8.52E-06
有空,1,8.52E-06
遍照,1,8.52E-06
精神,1,8.52E-06
四真諦,1,8.52E-06
真諦三藏,1,8.52E-06
三田,1,8.52E-06
歡喜丸,1,8.52E-06
解脫服,1,8.52E-06
有結,1,8.52E-06
十善戒,1,8.52E-06
讚佛,1,8.52E-06
自恣五德,1,8.52E-06
迦種,1,8.52E-06
七毘尼,1,8.52E-06
木馬,1,8.52E-06
不動地,1,8.52E-06
千佛,1,8.52E-06
數珠,1,8.52E-06
天人師,1,8.52E-06
一寶,1,8.52E-06
敬順,1,8.52E-06
三治,1,8.52E-06
一塵,1,8.52E-06
一境,1,8.52E-06
一增,1,8.52E-06
送葬,1,8.52E-06
布施物,1,8.52E-06
有愧,1,8.52E-06
三淨,1,8.52E-06
崇敬,1,8.52E-06
緣覺,1,8.52E-06
三千世界,1,8.52E-06
翳,1,8.52E-06
經師,1,8.52E-06
一生補處,1,8.52E-06
間隔,1,8.52E-06
心出家,1,8.52E-06
三止,1,8.52E-06
三欲,1,8.52E-06
齋時,1,8.52E-06
四沙門,1,8.52E-06
眼目,1,8.52E-06
豫修,1,8.52E-06
相輪,1,8.52E-06
三會,1,8.52E-06
淨方,1,8.52E-06
調達,1,8.52E-06
子果,1,8.52E-06
六念法,1,8.52E-06
八功德水,1,8.52E-06
慈童女,1,8.52E-06
四百四病,1,8.52E-06
三拜,1,8.52E-06
七百結集,1,8.52E-06
不可思議,1,8.52E-06
一因,1,8.52E-06
一地,1,8.52E-06
舌相,1,8.52E-06
四攝事,1,8.52E-06
一味,1,8.52E-06
對首心念法,1,8.52E-06
喜捨,1,8.52E-06
人道,1,8.52E-06
分座,1,8.52E-06
本初,1,8.52E-06
離車,1,8.52E-06
法類,1,8.52E-06
金身,1,8.52E-06
心極,1,8.52E-06
稱讚,1,8.52E-06
論主,1,8.52E-06
楷定,1,8.52E-06
心法,1,8.52E-06
未來世,1,8.52E-06
願心,1,8.52E-06
堅法,1,8.52E-06
邪行,1,8.52E-06
阿摩勒,1,8.52E-06
衣珠,1,8.52E-06
劫火,1,8.52E-06
纏縛,1,8.52E-06
馬師,1,8.52E-06
化迹,1,8.52E-06
止持作犯,1,8.52E-06
心想,1,8.52E-06
心性,1,8.52E-06
如意寶,1,8.52E-06
釋文,1,8.52E-06
誡勸,1,8.52E-06
欲塵,1,8.52E-06
禪帶,1,8.52E-06
光像,1,8.52E-06
信鼓,1,8.52E-06
前堂,1,8.52E-06
觀自身,1,8.52E-06
苦受,1,8.52E-06
奉事,1,8.52E-06
大千世界,1,8.52E-06
法門,1,8.52E-06
信首,1,8.52E-06
妄說,1,8.52E-06
本形,1,8.52E-06
靈廟,1,8.52E-06
魔事,1,8.52E-06
聖語,1,8.52E-06
阿若憍陳如,1,8.52E-06
金剛力,1,8.52E-06
法要,1,8.52E-06
四土,1,8.52E-06
濁惡世,1,8.52E-06
菴羅,1,8.52E-06
四衢道,1,8.52E-06
橋梁,1,8.52E-06
隨分果,1,8.52E-06
俱有法,1,8.52E-06
四問,1,8.52E-06
生變,1,8.52E-06
耳識,1,8.52E-06
食欲,1,8.52E-06
族姓子,1,8.52E-06
通會,1,8.52E-06
正語,1,8.52E-06
生趣,1,8.52E-06
法財,1,8.52E-06
梵世天,1,8.52E-06
義門,1,8.52E-06
頻婆娑羅,1,8.52E-06
正觀,1,8.52E-06
荼,1,8.52E-06
器量,1,8.52E-06
罪障,1,8.52E-06
善解一字,1,8.52E-06
還生,1,8.52E-06
單提,1,8.52E-06
高士,1,8.52E-06
三藏法師,1,8.52E-06
本二,1,8.52E-06
四定,1,8.52E-06
四家,1,8.52E-06
末利夫人,1,8.52E-06
前修,1,8.52E-06
心病,1,8.52E-06
表示,1,8.52E-06
喝,1,8.52E-06
觀行,1,8.52E-06
愚鈍,1,8.52E-06
四墮,1,8.52E-06
四塔,1,8.52E-06
浴像,1,8.52E-06
心眼,1,8.52E-06
水葬,1,8.52E-06
能變,1,8.52E-06
毒樹,1,8.52E-06
婦人,1,8.52E-06
菴婆女,1,8.52E-06
欲火,1,8.52E-06
自調,1,8.52E-06
諸通,1,8.52E-06
四施,1,8.52E-06
四教,1,8.52E-06
首題,1,8.52E-06
啞羊,1,8.52E-06
不律儀,1,8.52E-06
散地,1,8.52E-06
衣囊,1,8.52E-06
四摩,1,8.52E-06
鸚鵡孝養,1,8.52E-06
成相,1,8.52E-06
四持,1,8.52E-06
六相,1,8.52E-06
波藥致,1,8.52E-06
放鉢,1,8.52E-06
來果,1,8.52E-06
唯色,1,8.52E-06
四惡,1,8.52E-06
四悔,1,8.52E-06
四梵行,1,8.52E-06
教起,1,8.52E-06
四怨,1,8.52E-06
座頭,1,8.52E-06
曉了,1,8.52E-06
邪因外道,1,8.52E-06
名體,1,8.52E-06
文殊師利,1,8.52E-06
字等,1,8.52E-06
四海,1,8.52E-06
音義,1,8.52E-06
尸陀林,1,8.52E-06
持世經,1,8.52E-06
廢前教,1,8.52E-06
涅槃城,1,8.52E-06
七趣,1,8.52E-06
十誦律,1,8.52E-06
福田衣,1,8.52E-06
後佛,1,8.52E-06
七證,1,8.52E-06
影事,1,8.52E-06
本生經,1,8.52E-06
自比罵,1,8.52E-06
四不成,1,8.52E-06
淨天眼,1,8.52E-06
本經,1,8.52E-06
哀愍,1,8.52E-06
七覺,1,8.52E-06
常沒,1,8.52E-06
本成,1,8.52E-06
四真,1,8.52E-06
毒箭,1,8.52E-06
毳衣,1,8.52E-06
獨覺,1,8.52E-06
欲想,1,8.52E-06
本性,1,8.52E-06
苦毒,1,8.52E-06
濁惡,1,8.52E-06
歷然,1,8.52E-06
本懷,1,8.52E-06
涅槃佛,1,8.52E-06
來生,1,8.52E-06
迷倒,1,8.52E-06
院內道行雜作衣,1,8.52E-06
曇摩迦羅,1,8.52E-06
塔婆,1,8.52E-06
名號,1,8.52E-06
常樂,1,8.52E-06
欲染,1,8.52E-06
土葬,1,8.52E-06
隨他,1,8.52E-06
同體,1,8.52E-06
請來,1,8.52E-06
波羅蜜,1,8.52E-06
金剛力士,1,8.52E-06
名譽,1,8.52E-06
恩德,1,8.52E-06
四結,1,8.52E-06
教道,1,8.52E-06
破法,1,8.52E-06
後報,1,8.52E-06
前業,1,8.52E-06
迷心,1,8.52E-06
法佛,1,8.52E-06
真淨,1,8.52E-06
四禪,1,8.52E-06
苦果,1,8.52E-06
過患,1,8.52E-06
心器,1,8.52E-06
心垢,1,8.52E-06
心城,1,8.52E-06
苦智,1,8.52E-06
灑水,1,8.52E-06
不懺舉,1,8.52E-06
麟角,1,8.52E-06
念佛三昧,1,8.52E-06
法夏,1,8.52E-06
煩惱賊,1,8.52E-06
翻譯,1,8.52E-06
七曜,1,8.52E-06
婬怒癡,1,8.52E-06
碑,1,8.52E-06
七條衣,1,8.52E-06
道樹,1,8.52E-06
法家,1,8.52E-06
法定,1,8.52E-06
水大,1,8.52E-06
苦空無我,1,8.52E-06
業障,1,8.52E-06
四葬,1,8.52E-06
見聞覺知,1,8.52E-06
一揣食,1,8.52E-06
摩迦,1,8.52E-06
右旋,1,8.52E-06
上座部,1,8.52E-06
名目,1,8.52E-06
四苦,1,8.52E-06
理致,1,8.52E-06
飯僧,1,8.52E-06
易往,1,8.52E-06
稱佛,1,8.52E-06
法弟,1,8.52E-06
法幢,1,8.52E-06
法座,1,8.52E-06
法度,1,8.52E-06
法典,1,8.52E-06
法全,1,8.52E-06
四辯,1,8.52E-06
同教,1,8.52E-06
五精舍,1,8.52E-06
正因,1,8.52E-06
化人,1,8.52E-06
止持戒,1,8.52E-06
四趣,1,8.52E-06
聖位,1,8.52E-06
七治,1,8.52E-06
法利,1,8.52E-06
津梁,1,8.52E-06
觸毒,1,8.52E-06
阿闍世,1,8.52E-06
法命,1,8.52E-06
理觀,1,8.52E-06
幢,1,8.52E-06
信士,1,8.52E-06
闍世,1,8.52E-06
四見,1,8.52E-06
石蜜漿,1,8.52E-06
歸戒,1,8.52E-06
正像,1,8.52E-06
法器,1,8.52E-06
四行,1,8.52E-06
四親近,1,8.52E-06
分身,1,8.52E-06
雁行,1,8.52E-06
妄執,1,8.52E-06
義利,1,8.52E-06
戒取見,1,8.52E-06
樞要,1,8.52E-06
鹿野,1,8.52E-06
能立,1,8.52E-06
正信,1,8.52E-06
七知,1,8.52E-06
十惡業,1,8.52E-06
願行,1,8.52E-06
苦諦,1,8.52E-06
亡五眾物,1,8.52E-06
波斯匿,1,8.52E-06
聖儀,1,8.52E-06
善見天,1,8.52E-06
常見,1,8.52E-06
音聲,1,8.52E-06
毒龍,1,8.52E-06
含識,1,8.52E-06
四鉢,1,8.52E-06
五部,1,8.52E-06
苦輪,1,8.52E-06
適莫,1,8.52E-06
能緣,1,8.52E-06
眾生見,1,8.52E-06
聖印,1,8.52E-06
邪婬,1,8.52E-06
福田經,1,8.52E-06
生佛,1,8.52E-06
罪垢,1,8.52E-06
妄心,1,8.52E-06
彈指頃,1,8.52E-06
聖尊,1,8.52E-06
義存,1,8.52E-06
聖心,1,8.52E-06
歸真,1,8.52E-06
同相,1,8.52E-06
本身,1,8.52E-06
佛性論,1,8.52E-06
僧竭支,1,8.52E-06
四魔,1,8.52E-06
頻婆,1,8.52E-06
恩愛,1,8.52E-06
難思議,1,8.52E-06
本質,1,8.52E-06
義少,1,8.52E-06
厭欣,1,8.52E-06
虛空界,1,8.52E-06
愚法,1,8.52E-06
羅越,1,8.52E-06
化樂天,1,8.52E-06
食頃,1,8.52E-06
法輪僧,1,8.52E-06
髑髏,1,8.52E-06
願度,1,8.52E-06
功德海,1,8.52E-06
功德水,1,8.52E-06
聖智,1,8.52E-06
能依,1,8.52E-06
涅槃頭,1,8.52E-06
尸迦羅越,1,8.52E-06
尼薩耆波逸提,1,8.52E-06
請賓頭盧法,1,8.52E-06
石鉢,1,8.52E-06
妄想,1,8.52E-06
元心,1,8.52E-06
破戒五過,1,8.52E-06
填王,1,8.52E-06
法然,1,8.52E-06
勸請,1,8.52E-06
七七,1,8.52E-06
勸誡,1,8.52E-06
正直,1,8.52E-06
七佛,1,8.52E-06
邪林,1,8.52E-06
法爾,1,8.52E-06
定答,1,8.52E-06
正當,1,8.52E-06
中天竺,1,8.52E-06
無相福田衣,1,8.52E-06
和敬,1,8.52E-06
無礙解,1,8.52E-06
後身,1,8.52E-06
修生,1,8.52E-06
生生,1,8.52E-06
天魔外道,1,8.52E-06
色入,1,8.52E-06
接待,1,8.52E-06
定性,1,8.52E-06
發意,1,8.52E-06
金剛淨剎,1,8.52E-06
定意,1,8.52E-06
迦羅越,1,8.52E-06
五體投地,1,8.52E-06
觀佛三昧經,1,8.52E-06
無欲仙人,1,8.52E-06
方等經,1,8.52E-06
信明,1,8.52E-06
苦空無常無我,1,8.52E-06
壇戒,1,8.52E-06
長壽法,1,8.52E-06
三百四十八戒,1,8.52E-06
愛樂,1,8.52E-06
斷畜生命,1,8.52E-06
泥洹經,1,8.52E-06
義疏,1,8.52E-06
水波,1,8.52E-06
梨耶,1,8.52E-06
聖網,1,8.52E-06
法慳,1,8.52E-06
妄習,1,8.52E-06
傳心,1,8.52E-06
能化,1,8.52E-06
法布施,1,8.52E-06
法性,1,8.52E-06
釋門,1,8.52E-06
修慧,1,8.52E-06
心量,1,8.52E-06
標幟,1,8.52E-06
四天王,1,8.52E-06
法想,1,8.52E-06
摩迦羅,1,8.52E-06
阿鼻地獄,1,8.52E-06
大叫喚地獄,1,8.52E-06
他化自在天,1,8.52E-06
自在天,1,8.52E-06
非得,1,8.52E-06
三藐三佛陀,1,8.52E-06
四分宗,1,8.52E-06
正意,1,8.52E-06
演說,1,8.52E-06
生有,1,8.52E-06
句偈,1,8.52E-06
拘睒彌國,1,8.52E-06
悟入,1,8.52E-06
相看,1,8.52E-06
無想定,1,8.52E-06
金藏,1,8.52E-06
群迷,1,8.52E-06
二攝,1,8.52E-06
句句,1,8.52E-06
僧錄,1,8.52E-06
寶雲經,1,8.52E-06
曇摩迦,1,8.52E-06
不退菩薩,1,8.52E-06
集諦,1,8.52E-06
大慈悲,1,8.52E-06
瞿沙,1,8.52E-06
半座,1,8.52E-06
機教,1,8.52E-06
袈裟變白,1,8.52E-06
住地,1,8.52E-06
大悲經,1,8.52E-06
三階,1,8.52E-06
眾苦,1,8.52E-06
斷見,1,8.52E-06
五分律,1,8.52E-06
報命,1,8.52E-06
三千界,1,8.52E-06
四維口食,1,8.52E-06
一識外道,1,8.52E-06
果證,1,8.52E-06
擇時,1,8.52E-06
聞思修,1,8.52E-06
欽婆羅,1,8.52E-06
入聖,1,8.52E-06
緣理,1,8.52E-06
我我所,1,8.52E-06
瞿曇,1,8.52E-06
淨道,1,8.52E-06
軌儀,1,8.52E-06
聽聞,1,8.52E-06
存生,1,8.52E-06
大莊嚴論,1,8.52E-06
大哉解脫服,1,8.52E-06
三轉,1,8.52E-06
有色,1,8.52E-06
賢人,1,8.52E-06
機要,1,8.52E-06
龍牙,1,8.52E-06
染習,1,8.52E-06
泥曰,1,8.52E-06
無量壽佛,1,8.52E-06
龍畜,1,8.52E-06
相應法,1,8.52E-06
付法藏,1,8.52E-06
曇無,1,8.52E-06
人空,1,8.52E-06
老僧,1,8.52E-06
諸受,1,8.52E-06
七證師,1,8.52E-06
開度,1,8.52E-06
智德,1,8.52E-06
西尼,1,8.52E-06
一搩手半,1,8.52E-06
舍衛,1,8.52E-06
佛法壽命,1,8.52E-06
那耶,1,8.52E-06
法性空,1,8.52E-06
法綱,1,8.52E-06
無義語,1,8.52E-06
精識,1,8.52E-06
迎接,1,8.52E-06
作舉,1,8.52E-06
覺悟,1,8.52E-06
三聖,1,8.52E-06
異說,1,8.52E-06
開士,1,8.52E-06
中價衣,1,8.52E-06
有財,1,8.52E-06
淨聖,1,8.52E-06
十過,1,8.52E-06
譬喻,1,8.52E-06
牟尼,1,8.52E-06
軌持,1,8.52E-06
謗法,1,8.52E-06
禿居士,1,8.52E-06
智斷,1,8.52E-06
六界,1,8.52E-06
六畜,1,8.52E-06
遺法,1,8.52E-06
彌陀,1,8.52E-06
輕安,1,8.52E-06
相分,1,8.52E-06
緣心,1,8.52E-06
酒兩,1,8.52E-06
脅,1,8.52E-06
開悟,1,8.52E-06
三善道,1,8.52E-06
靈異,1,8.52E-06
鉢袋,1,8.52E-06
緣務,1,8.52E-06
經藏,1,8.52E-06
倒懸,1,8.52E-06
接足作禮,1,8.52E-06
疑惑,1,8.52E-06
臥法,1,8.52E-06
心神,1,8.52E-06
三十二相,1,8.52E-06
尼犍,1,8.52E-06
滿荼,1,8.52E-06
八事隨身,1,8.52E-06
名字沙彌,1,8.52E-06
得果,1,8.52E-06
如意寶珠,1,8.52E-06
三發心,1,8.52E-06
六十二見,1,8.52E-06
不修外道,1,8.52E-06
相好,1,8.52E-06
闇鈍,1,8.52E-06
但三衣,1,8.52E-06
句義,1,8.52E-06
覺他,1,8.52E-06
無為無欲,1,8.52E-06
常住物,1,8.52E-06
三千佛,1,8.52E-06
心空,1,8.52E-06
方便力,1,8.52E-06
諸塵,1,8.52E-06
慈童,1,8.52E-06
公,1,8.52E-06
人尊,1,8.52E-06
人定,1,8.52E-06
人寶,1,8.52E-06
扶疏,1,8.52E-06
受想行識,1,8.52E-06
入眾五法,1,8.52E-06
疑結,1,8.52E-06
受想,1,8.52E-06
立像,1,8.52E-06
天龍八部,1,8.52E-06
法論,1,8.52E-06
生死際,1,8.52E-06
無色天,1,8.52E-06
讚頭,1,8.52E-06
正體,1,8.52E-06
四重禁,1,8.52E-06
部行,1,8.52E-06
風大,1,8.52E-06
雜碎衣,1,8.52E-06
因相,1,8.52E-06
由延,1,8.52E-06
橫死,1,8.52E-06
袍,1,8.52E-06
百一羯磨,1,8.52E-06
半果,1,8.52E-06
臨齋,1,8.52E-06
犢子,1,8.52E-06
勝者,1,8.52E-06
新歲,1,8.52E-06
叫喚,1,8.52E-06